Workbook

Sheet Lega 10
A1: ASTA QUELLI CHE.. LA SCIMMIA DI FANTACALCIO
A2: ALTERATI1926 | D2: DELU TEAM | G2: LE TROFIE 'NFOJATE | J2: MAMBO FC | M2: MANZOTEAM | P2: MOJITO FC MOJITO FC | S2: PANCINO TEAM | V2: PATATINAKOS PATATINAIKOS PATATINAIKOS PATATINAIKOS PATATINAIKOS | Y2: SAMPMANIA SAMPMANIA | AB2: SPACCA CFC
A3: PORTIERI | D3: PORTIERI | G3: PORTIERI | J3: PORTIERI | M3: PORTIERI | P3: PORTIERI | S3: PORTIERI | V3: PORTIERI | Y3: PORTIERI | AB3: PORTIERI
A4: Tatarusanu | B4: =0.5*C4 -> 0 | C4: 0 | D4: Sorrentino | E4: =0.5*F4 -> 6.5 | F4: 13 | G4: Sportiello | H4: =0.5*I4 -> 0.5 | I4: 1 | J4: Consigli | K4: =0.5*L4 -> 0.5 | L4: 1 | M4: Buffon | N4: =0.5*O4 -> 18.5 | O4: 37 | P4: Handanovic | Q4: =0.5*R4 -> 7 | R4: 14 | S4: Viviano | T4: =0.5*U4 -> 1 | U4: 2 | V4: Hart | W4: =0.5*X4 -> 3.5 | X4: 7 | Y4: Donnarumma | Z4: =0.5*AA4 -> 0.5 | AA4: 1 | AB4: Reina | AC4: =0.5*AD4 -> 7.5 | AD4: 15
A5: Lezzerini | B5: =0.5*C5 -> 0 | C5: 0 | D5: Perin | E5: =0.5*F5 -> 3.5 | F5: 7 | G5: Berisha | H5: =0.5*I5 -> 0 | I5: 0 | J5: Szczesny | K5: =0.5*L5 -> 14 | L5: 28 | M5: Neto | N5: =0.5*O5 -> 0 | O5: 0 | P5: Carrizo | Q5: =0.5*R5 -> 0 | R5: 0 | S5: Puggioni | T5: =0.5*U5 -> 0 | U5: 0 | V5: Padelli | W5: =0.5*X5 -> 0 | X5: 0 | Y5: Marchetti | Z5: =0.5*AA5 -> 4 | AA5: 8 | AB5: Sepe | AC5: =0.5*AD5 -> 0 | AD5: 0
A6: Skorupski | B6: =0.5*C6 -> 0.5 | C6: 1 | D6: Lamanna | E6: =0.5*F6 -> 0 | F6: 0 | G6: Karnezis | H6: =0.5*I6 -> 1 | I6: 2 | J6: Alisson | K6: =0.5*L6 -> 0 | L6: 0 | M6: Audero | N6: =0.5*O6 -> 0.5 | O6: 1 | P6: Berni | Q6: =0.5*R6 -> 0.5 | R6: 1 | S6: Tozzo | T6: =0.5*U6 -> 0.5 | U6: 1 | V6: Storari | W6: =0.5*X6 -> 2 | X6: 4 | Y6: Gabriel | Z6: =0.5*AA6 -> 0 | AA6: 0 | AB6: Rafael | AC6: =0.5*AD6 -> 0.5 | AD6: 1
B7: =0.5*C7 -> 0.5 | C7: =SUM(C4:C6) -> 1 | E7: =0.5*F7 -> 10 | F7: =SUM(F4:F6) -> 20 | H7: =0.5*I7 -> 1.5 | I7: =SUM(I4:I6) -> 3 | K7: =0.5*L7 -> 14.5 | L7: =SUM(L4:L6) -> 29 | N7: =0.5*O7 -> 19 | O7: =SUM(O4:O6) -> 38 | Q7: =0.5*R7 -> 7.5 | R7: =SUM(R4:R6) -> 15 | T7: =0.5*U7 -> 1.5 | U7: =SUM(U4:U6) -> 3 | W7: =0.5*X7 -> 5.5 | X7: =SUM(X4:X6) -> 11 | Z7: =0.5*AA7 -> 4.5 | AA7: =SUM(AA4:AA6) -> 9 | AC7: =0.5*AD7 -> 8 | AD7: =SUM(AD4:AD6) -> 16
A8: DIFENSORI | D8: DIFENSORI | G8: DIFENSORI | J8: DIFENSORI | M8: DIFENSORI | P8: DIFENSORI | S8: DIFENSORI | V8: DIFENSORI | Y8: DIFENSORI | AB8: DIFENSORI
A9: Hysaj | B9: =0.5*C9 -> 3.5 | C9: 7 | D9: Ansaldi | E9: =0.5*F9 -> 0.5 | F9: 1 | G9: Alex Sandro | H9: =0.5*I9 -> 6 | I9: 12 | J9: Bruno Peres | K9: =0.5*L9 -> 5 | L9: 10 | M9: De Silvestri | N9: =0.5*O9 -> 2 | O9: 4 | P9: Bonucci | Q9: =0.5*R9 -> 4 | R9: 8 | S9: Martella | T9: =0.5*U9 -> 3.5 | U9: 7 | V9: Widmer | W9: =0.5*X9 -> 2 | X9: 4 | Y9: Cannavaro | Z9: =0.5*AA9 -> 1 | AA9: 2 | AB9: Barzagli | AC9: =0.5*AD9 -> 2.5 | AD9: 5
A10: Rodriguez | B10: =0.5*C10 -> 4.5 | C10: 9 | D10: Florenzi | E10: =0.5*F10 -> 12 | F10: 24 | G10: Basta | H10: =0.5*I10 -> 2 | I10: 4 | J10: Miranda | K10: =0.5*L10 -> 4.5 | L10: 9 | M10: Rispoli | N10: =0.5*O10 -> 1.5 | O10: 3 | P10: Astori | Q10: =0.5*R10 -> 2 | R10: 4 | S10: Dani Alves | T10: =0.5*U10 -> 7 | U10: 14 | V10: Chiellini | W10: =0.5*X10 -> 2.5 | X10: 5 | Y10: Murillo | Z10: =0.5*AA10 -> 3 | AA10: 6 | AB10: Koulibaly | AC10: =0.5*AD10 -> 5.5 | AD10: 11
A11: De Vrij | B11: =0.5*C11 -> 3 | C11: 6 | D11: Molinaro | E11: =0.5*F11 -> 1 | F11: 2 | G11: Isla | H11: =0.5*I11 -> 4 | I11: 8 | J11: Edenilson | K11: =0.5*L11 -> 1 | L11: 2 | M11: Bastos | N11: =0.5*O11 -> 3.5 | O11: 7 | P11: Gastaldello | Q11: =0.5*R11 -> 2.5 | R11: 5 | S11: Ghoulam | T11: =0.5*U11 -> 3 | U11: 6 | V11: Dramè | W11: =0.5*X11 -> 1 | X11: 2 | Y11: Regini | Z11: =0.5*AA11 -> 0.5 | AA11: 1 | AB11: Vermaelen | AC11: =0.5*AD11 -> 2 | AD11: 4
A12: Abate | B12: =0.5*C12 -> 1.5 | C12: 3 | D12: Masina | E12: =0.5*F12 -> 2.5 | F12: 5 | G12: Benatia | H12: =0.5*I12 -> 4 | I12: 8 | J12: Pasqual | K12: =0.5*L12 -> 3 | L12: 6 | M12: Krafth | N12: =0.5*O12 -> 1.5 | O12: 3 | P12: Manolas | Q12: =0.5*R12 -> 3.5 | R12: 7 | S12: Zukanovic | T12: =0.5*U12 -> 3 | U12: 6 | V12: Izzo | W12: =0.5*X12 -> 1.5 | X12: 3 | Y12: Romagnoli | Z12: =0.5*AA12 -> 2.5 | AA12: 5 | AB12: Zampano | AC12: =0.5*AD12 -> 2 | AD12: 4
A13: D'Ambrosio | B13: =0.5*C13 -> 0.5 | C13: 1 | D13: Silvestre | E13: =0.5*F13 -> 2 | F13: 4 | G13: Conti | H13: =0.5*I13 -> 2 | I13: 4 | J13: Bruno Alves | K13: =0.5*L13 -> 1 | L13: 2 | M13: Alesami | N13: =0.5*O13 -> 0.5 | O13: 1 | P13: De Sciglio | Q13: =0.5*R13 -> 2 | R13: 4 | S13: Maksimovic | T13: =0.5*U13 -> 3 | U13: 6 | V13: Hoedt | W13: =0.5*X13 -> 1.5 | X13: 3 | Y13: Zappacosta | Z13: =0.5*AA13 -> 0.5 | AA13: 1 | AB13: Danilo | AC13: =0.5*AD13 -> 1.5 | AD13: 3
A14: Castan | B14: =0.5*C14 -> 0.5 | C14: 1 | D14: Pavlovic | E14: =0.5*F14 -> 1 | F14: 2 | G14: Evra | H14: =0.5*I14 -> 2 | I14: 4 | J14: Gobbi | K14: =0.5*L14 -> 0.5 | L14: 1 | M14: Peluso | N14: =0.5*O14 -> 1.5 | O14: 3 | P14: Acerbi | Q14: =0.5*R14 -> 5 | R14: 10 | S14: Albiol | T14: =0.5*U14 -> 3.5 | U14: 7 | V14: Cacciatore | W14: =0.5*X14 -> 2.5 | X14: 5 | Y14: Mario Rui | Z14: =0.5*AA14 -> 0.5 | AA14: 1 | AB14: Ferrari G | AC14: =0.5*AD14 -> 1.5 | AD14: 3
A15: Goldaniga | B15: =0.5*C15 -> 0.5 | C15: 1 | D15: Heurtaux | E15: =0.5*F15 -> 0.5 | F15: 1 | G15: Lukaku | H15: =0.5*I15 -> 0.5 | I15: 1 | J15: Biraghi | K15: =0.5*L15 -> 0.5 | L15: 1 | M15: Costa | N15: =0.5*O15 -> 0.5 | O15: 1 | P15: Antonelli | Q15: =0.5*R15 -> 2.5 | R15: 5 | S15: Lichsteiner | T15: =0.5*U15 -> 1 | U15: 2 | V15: Gentiletti | W15: =0.5*X15 -> 0.5 | X15: 1 | Y15: Moretti | Z15: =0.5*AA15 -> 0.5 | AA15: 1 | AB15: Burdisso | AC15: =0.5*AD15 -> 1 | AD15: 2
A16: Laurini | B16: =0.5*C16 -> 0.5 | C16: 1 | D16: Dodò | E16: =0.5*F16 -> 0.5 | F16: 1 | G16: Oliveira | H16: =0.5*I16 -> 0.5 | I16: 1 | J16: Rudiger | K16: =0.5*L16 -> 0.5 | L16: 1 | M16: Rosi | N16: =0.5*O16 -> 0.5 | O16: 1 | P16: Calabria | Q16: =0.5*R16 -> 0.5 | R16: 1 | S16: Ceccherini | T16: =0.5*U16 -> 0.5 | U16: 1 | V16: Juan Jesus | W16: =0.5*X16 -> 0.5 | X16: 1 | Y16: Zapata | Z16: =0.5*AA16 -> 0.5 | AA16: 1 | AB16: Orban | AC16: =0.5*AD16 -> 0.5 | AD16: 1
B17: =0.5*C17 -> 14.5 | C17: =SUM(C9:C16) -> 29 | E17: =0.5*F17 -> 20 | F17: =SUM(F9:F16) -> 40 | H17: =0.5*I17 -> 21 | I17: =SUM(I9:I16) -> 42 | K17: =0.5*L17 -> 16 | L17: =SUM(L9:L16) -> 32 | N17: =0.5*O17 -> 11.5 | O17: =SUM(O9:O16) -> 23 | Q17: =0.5*R17 -> 22 | R17: =SUM(R9:R16) -> 44 | T17: =0.5*U17 -> 24.5 | U17: =SUM(U9:U16) -> 49 | W17: =0.5*X17 -> 12 | X17: =SUM(X9:X16) -> 24 | Z17: =0.5*AA17 -> 9 | AA17: =SUM(AA9:AA16) -> 18 | AC17: =0.5*AD17 -> 16.5 | AD17: =SUM(AD9:AD16) -> 33
A18: CENTROCAMPO | D18: CENTROCAMPO | G18: CENTROCAMPO | J18: CENTROCAMPO | M18: CENTROCAMPO | P18: CENTROCAMPO | S18: CENTROCAMPO | V18: CENTROCAMPO | Y18: CENTROCAMPO | AB18: CENTROCAMPO
A19: Mertens | B19: =0.5*C19 -> 7.5 | C19: 15 | D19: Ljaic | E19: =0.5*F19 -> 1.5 | F19: 3 | G19: Gomez | H19: =0.5*I19 -> 6.5 | I19: 13 | J19: Paredes | K19: =0.5*L19 -> 0.5 | L19: 1 | M19: Khedira | N19: =0.5*O19 -> 0.5 | O19: 1 | P19: Perotti | Q19: =0.5*R19 -> 9.5 | R19: 19 | S19: Saponara | T19: =0.5*U19 -> 2 | U19: 4 | V19: Hamsik | W19: =0.5*X19 -> 20 | X19: 40 | Y19: Perisic | Z19: =0.5*AA19 -> 9 | AA19: 18 | AB19: Suso | AC19: =0.5*AD19 -> 5.5 | AD19: 11
A20: Bernardeschi | B20: =0.5*C20 -> 7.5 | C20: 15 | D20: D'Alessandro | E20: =0.5*F20 -> 5 | F20: 10 | G20: Borja Valero | H20: =0.5*I20 -> 14.5 | I20: 29 | J20: Birsa | K20: =0.5*L20 -> 8.5 | L20: 17 | M20: Pjanic | N20: =0.5*O20 -> 19 | O20: 38 | P20: Strootman | Q20: =0.5*R20 -> 11 | R20: 22 | S20: Rincon | T20: =0.5*U20 -> 4.5 | U20: 9 | V20: Candreva | W20: =0.5*X20 -> 20 | X20: 40 | Y20: Duncan | Z20: =0.5*AA20 -> 1.5 | AA20: 3 | AB20: Banega | AC20: =0.5*AD20 -> 5.5 | AD20: 11
A21: Felipe Anderson | B21: =0.5*C21 -> 17.5 | C21: 35 | D21: Nainggolan | E21: =0.5*F21 -> 18 | F21: 36 | G21: Lulic | H21: =0.5*I21 -> 3.5 | I21: 7 | J21: Bonaventura | K21: =0.5*L21 -> 16 | L21: 32 | M21: Linetty | N21: =0.5*O21 -> 2 | O21: 4 | P21: Joao Mario | Q21: =0.5*R21 -> 8 | R21: 16 | S21: Kessie | T21: =0.5*U21 -> 5 | U21: 10 | V21: Praet | W21: =0.5*X21 -> 9 | X21: 18 | Y21: Parolo | Z21: =0.5*AA21 -> 7 | AA21: 14 | AB21: Sosa | AC21: =0.5*AD21 -> 0.5 | AD21: 1
A22: Fofana | B22: =0.5*C22 -> 0.5 | C22: 1 | D22: Padoin | E22: =0.5*F22 -> 1 | F22: 2 | G22: Krejcy | H22: =0.5*I22 -> 3 | I22: 6 | J22: Allan | K22: =0.5*L22 -> 4 | L22: 8 | M22: Jorginho | N22: =0.5*O22 -> 4.5 | O22: 9 | P22: Fernandez | Q22: =0.5*R22 -> 5 | R22: 10 | S22: Kums | T22: =0.5*U22 -> 2.5 | U22: 5 | V22: Verdi | W22: =0.5*X22 -> 1.5 | X22: 3 | Y22: De Rossi | Z22: =0.5*AA22 -> 2.5 | AA22: 5 | AB22: Laxalt | AC22: =0.5*AD22 -> 3.5 | AD22: 7
A23: Kurtic | B23: =0.5*C23 -> 0.5 | C23: 1 | D23: Sala | E23: =0.5*F23 -> 0.5 | F23: 1 | G23: De Paul | H23: =0.5*I23 -> 1.5 | I23: 3 | J23: Torreira | K23: =0.5*L23 -> 1 | L23: 2 | M23: Verre | N23: =0.5*O23 -> 4 | O23: 8 | P23: Benali | Q23: =0.5*R23 -> 4 | R23: 8 | S23: Diamanti | T23: =0.5*U23 -> 4 | U23: 8 | V23: Lemina | W23: =0.5*X23 -> 2.5 | X23: 5 | Y23: Kongdombia | Z23: =0.5*AA23 -> 0.5 | AA23: 1 | AB23: Veloso | AC23: =0.5*AD23 -> 1 | AD23: 2
A24: Tonev | B24: =0.5*C24 -> 0.5 | C24: 1 | D24: Tello | E24: =0.5*F24 -> 2.5 | F24: 5 | G24: Cuadrado | H24: =0.5*I24 -> 5 | I24: 10 | J24: Memushaj | K24: =0.5*L24 -> 4 | L24: 8 | M24: Capezzi | N24: =0.5*O24 -> 2.5 | O24: 5 | P24: Baselli | Q24: =0.5*R24 -> 6.5 | R24: 13 | S24: Biglia | T24: =0.5*U24 -> 4.5 | U24: 9 | V24: Mounier | W24: =0.5*X24 -> 0.5 | X24: 1 | Y24: Brozovic | Z24: =0.5*AA24 -> 0.5 | AA24: 1 | AB24: Magnanelli | AC24: =0.5*AD24 -> 1 | AD24: 2
A25: Montolivo | B25: =0.5*C25 -> 0.5 | C25: 1 | D25: Joao Pedro | E25: =0.5*F25 -> 7.5 | F25: 15 | G25: Rog | H25: =0.5*I25 -> 0.5 | I25: 1 | J25: Vecino | K25: =0.5*L25 -> 1.5 | L25: 3 | M25: Rigoni | N25: =0.5*O25 -> 1 | O25: 2 | P25: Alvarez | Q25: =0.5*R25 -> 3 | R25: 6 | S25: Marchisio | T25: =0.5*U25 -> 2.5 | U25: 5 | V25: Valdifiori | W25: =0.5*X25 -> 0.5 | X25: 1 | Y25: Missiroli | Z25: =0.5*AA25 -> 1.5 | AA25: 3 | AB25: Iago Falque | AC25: =0.5*AD25 -> 8 | AD25: 16
A26: Benassi | B26: =0.5*C26 -> 0.5 | C26: 1 | D26: Asamoah | E26: =0.5*F26 -> 1 | F26: 2 | G26: Ntcham | H26: =0.5*I26 -> 0.5 | I26: 1 | J26: Ionita | K26: =0.5*L26 -> 0.5 | L26: 1 | M26: Hetemaj | N26: =0.5*O26 -> 0.5 | O26: 1 | P26: Diawara | Q26: =0.5*R26 -> 1.5 | R26: 3 | S26: Di Gennaro | T26: =0.5*U26 -> 3 | U26: 6 | V26: Medel | W26: =0.5*X26 -> 0.5 | X26: 1 | Y26: Politano | Z26: =0.5*AA26 -> 2.5 | AA26: 5 | AB26: Pasalic | AC26: =0.5*AD26 -> 0.5 | AD26: 1
B27: =0.5*C27 -> 35 | C27: =SUM(C19:C26) -> 70 | E27: =0.5*F27 -> 37 | F27: =SUM(F19:F26) -> 74 | H27: =0.5*I27 -> 35 | I27: =SUM(I19:I26) -> 70 | K27: =0.5*L27 -> 36 | L27: =SUM(L19:L26) -> 72 | N27: =0.5*O27 -> 34 | O27: =SUM(O19:O26) -> 68 | Q27: =0.5*R27 -> 48.5 | R27: =SUM(R19:R26) -> 97 | T27: =0.5*U27 -> 28 | U27: =SUM(U19:U26) -> 56 | W27: =0.5*X27 -> 54.5 | X27: =SUM(X19:X26) -> 109 | Z27: =0.5*AA27 -> 25 | AA27: =SUM(AA19:AA26) -> 50 | AC27: =0.5*AD27 -> 25.5 | AD27: =SUM(AD19:AD26) -> 51
A28: ATTACCANTI | D28: ATTACCANTI | G28: ATTACCANTI | J28: ATTACCANTI | M28: ATTACCANTI | P28: ATTACCANTI | S28: ATTACCANTI | V28: ATTACCANTI | Y28: ATTACCANTI | AB28: ATTACCANTI
A29: Bacca | B29: =0.5*C29 -> 45.5 | C29: 91 | D29: Icardi | E29: =0.5*F29 -> 55.5 | F29: 111 | G29: Belotti | H29: =0.5*I29 -> 9 | I29: 18 | J29: Berardi | K29: =0.5*L29 -> 4 | L29: 8 | M29: Immobile | N29: =0.5*O29 -> 16.5 | O29: 33 | P29: Dybala | Q29: =0.5*R29 -> 2.5 | R29: 5 | S29: Milik | T29: =0.5*U29 -> 60.5 | U29: 121 | V29: Callejon | W29: =0.5*X29 -> 34.5 | X29: 69 | Y29: Higuain | Z29: =0.5*AA29 -> 72 | AA29: 144 | AB29: Pavoletti | AC29: =0.5*AD29 -> 60 | AD29: 120
A30: Dzeko | B30: =0.5*C30 -> 35 | C30: 70 | D30: Quagliarella | E30: =0.5*F30 -> 21.5 | F30: 43 | G30: Pjaca | H30: =0.5*I30 -> 15 | I30: 30 | J30: Kalinic | K30: =0.5*L30 -> 41.5 | L30: 83 | M30: Caprari | N30: =0.5*O30 -> 6 | O30: 12 | P30: Niang | Q30: =0.5*R30 -> 21.5 | R30: 43 | S30: Insigne | T30: =0.5*U30 -> 30 | U30: 60 | V30: Muriel | W30: =0.5*X30 -> 31.5 | X30: 63 | Y30: Mandzukic | Z30: =0.5*AA30 -> 32 | AA30: 64 | AB30: Borriello | AC30: =0.5*AD30 -> 16.5 | AD30: 33
A31: Zarate | B31: =0.5*C31 -> 3 | C31: 6 | D31: Maccarone | E31: =0.5*F31 -> 5.5 | F31: 11 | G31: Ilicic | H31: =0.5*I31 -> 31.5 | I31: 63 | J31: Paloschi | K31: =0.5*L31 -> 20 | L31: 40 | M31: Salah | N31: =0.5*O31 -> 45 | O31: 90 | P31: El Sharaawy | Q31: =0.5*R31 -> 22 | R31: 44 | S31: Gilardino | T31: =0.5*U31 -> 4 | U31: 8 | V31: Inglese | W31: =0.5*X31 -> 2 | X31: 4 | Y31: Zapata | Z31: =0.5*AA31 -> 11.5 | AA31: 23 | AB31: Ocampos | AC31: =0.5*AD31 -> 7 | AD31: 14
A32: Defrel | B32: =0.5*C32 -> 12.5 | C32: 25 | D32: Farias | E32: =0.5*F32 -> 0.5 | F32: 1 | G32: Gabbiadini | H32: =0.5*I32 -> 17.5 | I32: 35 | J32: Matri | K32: =0.5*L32 -> 12.5 | L32: 25 | M32: Palladino | N32: =0.5*O32 -> 2.5 | O32: 5 | P32: Eder | Q32: =0.5*R32 -> 11.5 | R32: 23 | S32: Keita | T32: =0.5*U32 -> 5.5 | U32: 11 | V32: Meggiorini | W32: =0.5*X32 -> 4 | X32: 8 | Y32: Jovetic | Z32: =0.5*AA32 -> 0.5 | AA32: 1 | AB32: Simeone | AC32: =0.5*AD32 -> 0.5 | AD32: 1
A33: Nestorovski | B33: =0.5*C33 -> 0.5 | C33: 1 | D33: Manaj | E33: =0.5*F33 -> 0.5 | F33: 1 | G33: Gabigol | H33: =0.5*I33 -> 11.5 | I33: 23 | J33: Pucciarelli | K33: =0.5*L33 -> 5 | L33: 10 | M33: Destro | N33: =0.5*O33 -> 18 | O33: 36 | P33: Sau | Q33: =0.5*R33 -> 8.5 | R33: 17 | S33: Sadiq | T33: =0.5*U33 -> 0.5 | U33: 1 | V33: Budimir | W33: =0.5*X33 -> 5 | X33: 10 | Y33: Perica | Z33: =0.5*AA33 -> 0.5 | AA33: 1 | AB33: Thereau | AC33: =0.5*AD33 -> 6.5 | AD33: 13
A34: Babacar | B34: =0.5*C34 -> 0.5 | C34: 1 | D34: Schick | E34: =0.5*F34 -> 0.5 | F34: 1 | G34: Boyè | H34: =0.5*I34 -> 0.5 | I34: 1 | J34: Trotta | K34: =0.5*L34 -> 0.5 | L34: 1 | M34: Penaranda | N34: =0.5*O34 -> 1.5 | O34: 3 | P34: Lapadula | Q34: =0.5*R34 -> 2.5 | R34: 5 | S34: Ragusa | T34: =0.5*U34 -> 0.5 | U34: 1 | V34: Falcinelli | W34: =0.5*X34 -> 1.5 | X34: 3 | Y34: Martinez | Z34: =0.5*AA34 -> 0.5 | AA34: 1 | AB34: Luis Alberto | AC34: =0.5*AD34 -> 3.5 | AD34: 7
B35: =0.5*C35 -> 97 | C35: =SUM(C29:C34) -> 194 | E35: =0.5*F35 -> 84 | F35: =SUM(F29:F34) -> 168 | H35: =0.5*I35 -> 85 | I35: =SUM(I29:I34) -> 170 | K35: =0.5*L35 -> 83.5 | L35: =SUM(L29:L34) -> 167 | N35: =0.5*O35 -> 89.5 | O35: =SUM(O29:O34) -> 179 | Q35: =0.5*R35 -> 68.5 | R35: =SUM(R29:R34) -> 137 | T35: =0.5*U35 -> 101 | U35: =SUM(U29:U34) -> 202 | W35: =0.5*X35 -> 78.5 | X35: =SUM(X29:X34) -> 157 | Z35: =0.5*AA35 -> 117 | AA35: =SUM(AA29:AA34) -> 234 | AC35: =0.5*AD35 -> 94 | AD35: =SUM(AD29:AD34) -> 188
A36: RESTANTI | B36: =0.5*C36 -> 149.5 | C36: =$C40-(C7+A17+A27+A35)+C38 -> 299 | D36: RESTANTI | F36: =$F40-(F7+D17+D27+D35)+F38 -> 291 | G36: RESTANTI | I36: =$I40-(I7+G17+G27+G35)+I38 -> 299 | J36: RESTANTI | L36: =$L40-(L7+J17+J27+J35)+L38 -> 272 | M36: RESTANTI | O36: =$O40-(O7+M17+M27+M35)+O38 -> 275 | P36: RESTANTI | R36: =$R40-(R7+P17+P27+P35)+R38 -> 296 | S36: RESTANTI | U36: =$U40-(U7+S17+S27+S35)+U38 -> 307 | V36: RESTANTI | X36: =$X40-(X7+V17+V27+V35)+X38 -> 290 | Y36: RESTANTI | AA36: =$AA40-(AA7+Y17+Y27+Y35)+AA38 -> 302 | AB36: RESTANTI | AD36: =$AD40-(AD7+AB17+AB27+AB35)+AD38 -> 302
A38: Crediti Buste | D38: Crediti Buste | G38: Crediti Buste | J38: Crediti Buste | M38: Crediti Buste | P38: Crediti Buste | S38: Crediti Buste | V38: Crediti Buste | Y38: Crediti Buste | AB38: Crediti Buste
A40: BUDGET | B40: =0.5*C40 -> 150 | C40: 300 | D40: BUDGET | F40: 311 | G40: BUDGET | I40: 302 | J40: BUDGET | L40: 301 | M40: BUDGET | O40: 313 | P40: BUDGET | R40: 311 | S40: BUDGET | U40: 310 | V40: BUDGET | X40: 301 | Y40: BUDGET | AA40: 311 | AB40: BUDGET | AD40: 318

Sheet Panchine
A1: Giornata | B1: STRAW DOGS | D1: DELU TEAM | F1: TROFIE 'NFOIATE | H1: MAMBO FC | J1: MANZOTEAM | L1: MOJITO FC | N1: RCD SUERTE | P1: PATATINAIKOS | R1: SAMPMANIA | T1: SPACCA CFC
B2: Bonus/Malus | C2: Totale | D2: Bonus/Malus | E2: Totale | F2: Bonus/Malus | G2: Totale | H2: Bonus/Malus | I2: Totale | J2: Bonus/Malus | K2: Totale | L2: Bonus/Malus | M2: Totale | N2: Bonus/Malus | O2: Totale | P2: Bonus/Malus | Q2: Totale | R2: Bonus/Malus | S2: Totale | T2: Bonus/Malus | U2: Totale
A3: 1 | B3: 1 | C3: 31.5 | D3: 6.5 | E3: 49.5 | F3: 0.5 | G3: 46 | H3: -0.5 | I3: 46.5 | J3: -3 | K3: 26.5 | L3: 0 | M3: 17 | N3: 0.5 | O3: 50.5 | P3: 0 | Q3: 55 | R3: -3 | S3: 20 | T3: 5 | U3: 84
A4: 2 | B4: -0.5 | C4: 24 | D4: -0.5 | E4: 33.5 | F4: -1 | G4: 40.5 | H4: 6 | I4: 47 | J4: -3 | K4: 25.5 | L4: 0 | M4: 28.5 | N4: 2 | O4: 50.5 | P4: -2.5 | Q4: 58.5 | R4: 0 | S4: 10.5 | T4: 6.5 | U4: 104.5
A5: 3 | B5: 0.5 | C5: 49 | D5: 0 | E5: 11.5 | F5: 1.5 | G5: 67.5 | H5: 0 | I5: 49 | J5: 1 | K5: 18.5 | L5: 0 | M5: 17 | N5: 4 | O5: 52.5 | P5: 3 | Q5: 51.5 | R5: 0 | S5: 5.5 | T5: -1 | U5: 75
A6: 4 | B6: -1 | C6: 64 | D6: 0.5 | E6: 61 | F6: -2.5 | G6: 38.5 | H6: 0.5 | I6: 56 | J6: -0.5 | K6: 23.5 | L6: -1 | M6: 47.5 | N6: -1.5 | O6: 59 | P6: 0 | Q6: 52 | R6: 0 | S6: 36.5 | T6: 3 | U6: 58.5
A7: 5 | B7: 3 | C7: 52 | D7: 0 | E7: 34.5 | F7: 4 | G7: 73 | H7: -1 | I7: 28.5 | J7: 0 | K7: 16.5 | L7: 1.5 | M7: 48 | N7: -2 | O7: 55.5 | P7: 1 | Q7: 39 | R7: -2 | S7: 38.5 | T7: 0 | U7: 85.5
A8: 6 | B8: 5.5 | C8: 53.5 | D8: 6 | E8: 48.5 | F8: 0 | G8: 57 | H8: -0.5 | I8: 28 | J8: 0 | K8: 11.5 | L8: 0 | M8: 58.5 | N8: 9 | O8: 53.5 | P8: -1 | Q8: 58 | R8: 0 | S8: 36 | T8: 14 | U8: 100
A9: 7 | B9: -0.5 | C9: 47.5 | D9: -0.5 | E9: 57.5 | F9: 4.5 | G9: 60 | H9: 5 | I9: 30 | J9: -0.5 | K9: 11.5 | L9: 3.5 | M9: 57 | N9: -1 | O9: 35.5 | P9: 0.5 | Q9: 59.5 | R9: -0.5 | S9: 40 | T9: 4 | U9: 97.5
A10: 8 | B10: 0 | C10: 49 | D10: 3.5 | E10: 68 | F10: 4 | G10: 54.5 | H10: 10.5 | I10: 37.5 | J10: 0 | K10: 41 | L10: 0.5 | M10: 67.5 | N10: 0 | O10: 46.5 | P10: -2.5 | Q10: 65 | R10: 7 | S10: 35 | T10: 8 | U10: 88
A11: 9 | B11: 4 | C11: 61 | D11: 4.5 | E11: 54.5 | F11: -1 | G11: 23 | H11: 0 | I11: 30 | J11: 7.5 | K11: 57.5 | L11: 8.5 | M11: 73.5 | N11: 1 | O11: 30.5 | P11: 6.5 | Q11: 79.5 | R11: 3 | S11: 39.5 | T11: -0.5 | U11: 56.5
A12: 10 | B12: 0.5 | C12: 61.5 | D12: 3.5 | E12: 57.5 | F12: -2.5 | G12: 26.5 | H12: 2.5 | I12: 53 | J12: 4 | K12: 39.5 | L12: 3.5 | M12: 62.5 | N12: 3.5 | O12: 37.5 | P12: 1 | Q12: 61 | R12: -1 | S12: 23 | T12: 0 | U12: 75
A13: 11 | B13: 0 | C13: 54 | D13: 1 | E13: 49 | F13: 1 | G13: 42 | H13: 0 | I13: 40 | J13: 7 | K13: 56 | L13: 13.5 | M13: 74 | N13: 0 | O13: 27.5 | P13: 5 | Q13: 58.5 | R13: 0.5 | S13: 19.5 | T13: 4.5 | U13: 83
A14: 12 | B14: -0.5 | C14: 51.5 | D14: 1 | E14: 52.5 | F14: -1 | G14: 36 | H14: 0 | I14: 17.5 | J14: 2.5 | K14: 46 | L14: 18 | M14: 85.5 | N14: 3.5 | O14: 29 | P14: -2 | Q14: 39.5 | R14: 0 | S14: 23.5 | T14: 4 | U14: 95.5
... A37: 35 | B37: -1.5 | C37: 56.5 | D37: 1.5 | E37: 70 | F37: 7.5 | G37: 77.5 | H37: 0 | I37: 18 | J37: 3 | K37: 34 | L37: 0 | M37: 33.5 | N37: 8.5 | O37: 58 | P37: -2 | Q37: 40 | R37: -0.5 | S37: 60 | T37: 1.5 | U37: 56
A38: 36
A39: TOTALE | B39: =SUM(B3:B38) -> 39.5 | C39: =SUM(C3:C38) -> 1748 | D39: =SUM(D3:D38) -> 44.5 | E39: =SUM(E3:E38) -> 1976 | F39: =SUM(F3:F38) -> 55.5 | G39: =SUM(G3:G38) -> 2210.5 | H39: =SUM(H3:H38) -> 59.5 | I39: =SUM(I3:I38) -> 1296.5 | ... U39: =SUM(U3:U38) -> 2805.5
A40: MEDIA | B40: =AVERAGE(B3:B38) -> 1.1285714 | C40: =AVERAGE(C3:C38) -> 49.942857 | D40: =AVERAGE(D3:D38) -> 1.2714286 | E40: =AVERAGE(E3:E38) -> 56.457143 | F40: =AVERAGE(F3:F38) -> 1.5857143 | G40: =AVERAGE(G3:G38) -> 63.157143 | H40: =AVERAGE(H3:H38) -> 1.7 | I40: =AVERAGE(I3:I38) -> 37.042857 | ... U40: =AVERAGE(U3:U38) -> 80.157143
A42: Non Sfruttati | B42: Gol | C42: Assist | D42: Gol | E42: Assist | F42: Gol | G42: Assist | H42: Gol | I42: Assist | J42: Gol | K42: Assist | L42: Gol | M42: Assist | N42: Gol | O42: Assist | P42: Gol | Q42: Assist | R42: Gol | S42: Assist | T42: Gol | U42: Assist
B43: 9 | C43: 13 | D43: 16 | E43: 18 | F43: 34 | G43: 15 | H43: 16 | I43: 9 | J43: 19 | K43: 3 | L43: 33 | M43: 15 | N43: 20 | O43: 14 | P43: 13 | Q43: 16 | R43: 9 | S43: 7 | T43: 36 | U43: 28
A44: % sul Totale | B44: =B43/(B43+'Bonus-Malus'!B10) -> 0.20930233 | C44: =C43/(C43+'Bonus-Malus'!I10) -> 0.37142857 | D44: =D43/(D43+'Bonus-Malus'!B2) -> 0.22535211 | E44: =E43/(E43+'Bonus-Malus'!I2) -> 0.38297872 | F44: =F43/(F43+'Bonus-Malus'!B11) -> 0.4 | G44: =G43/(G43+'Bonus-Malus'!I11) -> 0.35714286 | H44: =H43/(H43+'Bonus-Malus'!B3) -> 0.25 | I44: =I43/(I43+'Bonus-Malus'!I3) -> 0.32142857 | J44: =J43/(J43+'Bonus-Malus'!B4) -> 0.27142857 | K44: =K43/(K43+'Bonus-Malus'!I4) -> 0.068181818 | L44: =L43/(L43+'Bonus-Malus'!B5) -> 0.49253731 | M44: =M43/(M43+'Bonus-Malus'!I5) -> 0.41666667 | N44: =N43/(N43+'Bonus-Malus'!B7) -> 0.29850746 | O44: =O43/(O43+'Bonus-Malus'!I7) -> 0.3255814 | P44: =P43/(P43+'Bonus-Malus'!B6) -> 0.22033898 | Q44: =Q43/(Q43+'Bonus-Malus'!I6) -> 0.4 | R44: =R43/(R43+'Bonus-Malus'!B8) -> 0.17307692 | S44: =S43/(S43+'Bonus-Malus'!I8) -> 0.23333333 | T44: =T43/(T43+'Bonus-Malus'!B9) -> 0.4137931 | U44: =U43/(U43+'Bonus-Malus'!I9) -> 0.47457627

Sheet FantaCulo
B1: STRAW DOGS | F1: DELU TEAM | J1: TROFIE 'NFOIATE | N1: MAMBO FC | R1: MANZOTEAM | V1: MOJITO FC | Z1: RCD SUERTE | AD1: PATATINAIKOS | AH1: SAMPMANIA | AL1: SPACCA CFC
B2: V | C2: P | D2: S | E2: Pesato | F2: V | G2: P | H2: S | I2: Pesato | J2: V | K2: P | L2: S | M2: Pesato | N2: V | O2: P | P2: S | Q2: Pesato | R2: V | S2: P | T2: S | U2: Pesato | V2: V | W2: P | X2: S | Y2: Pesato | Z2: V | AA2: P | AB2: S | AC2: Pesato | AD2: V | AE2: P | AF2: S | AG2: Pesato | AH2: V | AI2: P | AJ2: S | AK2: Pesato | AL2: V | AM2: P | AN2: S | AO2: Pesato
A3: 1 | B3: 66.66 | C3: 22.22 | D3: 11.12 | E3: =Punteggio!C3 - (3*FantaCulo!B3/100) + IF(Punteggio!C3=1,(FantaCulo!D3/100)-1, 0) - IF(Punteggio!C3=0,(FantaCulo!C3/100), 0) -> 1.0002 | F3: 22.22 | G3: 22.22 | H3: 55.56 | I3: =Punteggio!E3 - (3*FantaCulo!F3/100) + IF(Punteggio!E3=1,(FantaCulo!H3/100)-1, 0) - IF(Punteggio!E3=0,(FantaCulo!G3/100), 0) -> -0.111 | J3: 22.22 | K3: 22.22 | L3: 55.56 | M3: =Punteggio!G3 - (3*FantaCulo!J3/100) + IF(Punteggio!G3=1,(FantaCulo!L3/100)-1, 0) - IF(Punteggio!G3=0,(FantaCulo!K3/100), 0) -> -0.111 | N3: 66.66 | O3: 22.22 | P3: 11.12 | Q3: =Punteggio!I3 - (3*FantaCulo!N3/100) + IF(Punteggio!I3=1,(FantaCulo!P3/100)-1, 0) - IF(Punteggio!I3=0,(FantaCulo!O3/100), 0) -> 1.0002 | R3: 22.22 | S3: 22.22 | T3: 55.56 | U3: =Punteggio!K3 - (3*FantaCulo!R3/100) + IF(Punteggio!K3=1,(FantaCulo!T3/100)-1, 0) - IF(Punteggio!K3=0,(FantaCulo!S3/100), 0) -> -0.8888 | V3: 55.55 | W3: 0 | X3: 44.45 | Y3: =Punteggio!M3 - (3*FantaCulo!V3/100) + IF(Punteggio!M3=1,(FantaCulo!X3/100)-1, 0) - IF(Punteggio!M3=0,(FantaCulo!W3/100), 0) -> -1.6665 | Z3: 0 | AA3: 11.11 | AB3: 88.89 | AC3: =Punteggio!O3 - (3*FantaCulo!Z3/100) + IF(Punteggio!O3=1,(FantaCulo!AB3/100)-1, 0) - IF(Punteggio!O3=0,(FantaCulo!AA3/100), 0) -> -0.1111 | AD3: 0 | AE3: 11.11 | AF3: 88.89 | AG3: =Punteggio!Q3 - (3*FantaCulo!AD3/100) + IF(Punteggio!Q3=1,(FantaCulo!AF3/100)-1, 0) - IF(Punteggio!Q3=0,(FantaCulo!AE3/100), 0) -> -0.1111 | AH3: 100 | AI3: 0 | AJ3: 0 | AK3: =Punteggio!S3 - (3*FantaCulo!AH3/100) + IF(Punteggio!S3=1,(FantaCulo!AJ3/100)-1, 0) - IF(Punteggio!S3=0,(FantaCulo!AI3/100), 0) -> 0 | AL3: 66.66 | AM3: 22.22 | AN3: 11.12 | AO3: =Punteggio!U3 - (3*FantaCulo!AL3/100) + IF(Punteggio!U3=1,(FantaCulo!AN3/100)-1, 0) - IF(Punteggio!U3=0,(FantaCulo!AM3/100), 0) -> 1.0002
A4: 2 | B4: 33.33 | C4: 44.44 | D4: 22.23 | E4: =Punteggio!C4 - (3*FantaCulo!B4/100) + IF(Punteggio!C4=1,(FantaCulo!D4/100)-1, 0) - IF(Punteggio!C4=0,(FantaCulo!C4/100), 0) -> -0.7776 | F4: 33.33 | G4: 44.44 | H4: 22.23 | I4: =Punteggio!E4 - (3*FantaCulo!F4/100) + IF(Punteggio!E4=1,(FantaCulo!H4/100)-1, 0) - IF(Punteggio!E4=0,(FantaCulo!G4/100), 0) -> -0.7776 | J4: 100 | K4: 0 | L4: 0 | M4: =Punteggio!G4 - (3*FantaCulo!J4/100) + IF(Punteggio!G4=1,(FantaCulo!L4/100)-1, 0) - IF(Punteggio!G4=0,(FantaCulo!K4/100), 0) -> 0 | N4: 33.33 | O4: 44.44 | P4: 22.23 | Q4: =Punteggio!I4 - (3*FantaCulo!N4/100) + IF(Punteggio!I4=1,(FantaCulo!P4/100)-1, 0) - IF(Punteggio!I4=0,(FantaCulo!O4/100), 0) -> -1.4443 | R4: 33.33 | S4: 44.44 | T4: 22.23 | U4: =Punteggio!K4 - (3*FantaCulo!R4/100) + IF(Punteggio!K4=1,(FantaCulo!T4/100)-1, 0) - IF(Punteggio!K4=0,(FantaCulo!S4/100), 0) -> 2.0001 | V4: 0 | W4: 22.22 | X4: 77.78 | Y4: =Punteggio!M4 - (3*FantaCulo!V4/100) + IF(Punteggio!M4=1,(FantaCulo!X4/100)-1, 0) - IF(Punteggio!M4=0,(FantaCulo!W4/100), 0) -> -0.2222 | Z4: 33.33 | AA4: 44.44 | AB4: 22.23 | AC4: =Punteggio!O4 - (3*FantaCulo!Z4/100) + IF(Punteggio!O4=1,(FantaCulo!AB4/100)-1, 0) - IF(Punteggio!O4=0,(FantaCulo!AA4/100), 0) -> -1.4443 | AD4: 0 | AE4: 22.22 | AF4: 77.78 | AG4: =Punteggio!Q4 - (3*FantaCulo!AD4/100) + IF(Punteggio!Q4=1,(FantaCulo!AF4/100)-1, 0) - IF(Punteggio!Q4=0,(FantaCulo!AE4/100), 0) -> 0.7778 | AH4: 88.88 | AI4: 0 | AJ4: 11.12 | AK4: =Punteggio!S4 - (3*FantaCulo!AH4/100) + IF(Punteggio!S4=1,(FantaCulo!AJ4/100)-1, 0) - IF(Punteggio!S4=0,(FantaCulo!AI4/100), 0) -> 0.3336 | AL4: 0 | AM4: 22.22 | AN4: 77.78 | AO4: =Punteggio!U4 - (3*FantaCulo!AL4/100) + IF(Punteggio!U4=1,(FantaCulo!AN4/100)-1, 0) - IF(Punteggio!U4=0,(FantaCulo!AM4/100), 0) -> 0.7778
A5: 3 | B5: 11.11 | C5: 22.22 | D5: 66.67 | E5: =Punteggio!C5 - (3*FantaCulo!B5/100) + IF(Punteggio!C5=1,(FantaCulo!D5/100)-1, 0) - IF(Punteggio!C5=0,(FantaCulo!C5/100), 0) -> -0.5555 | F5: 44.44 | G5: 22.22 | H5: 33.34 | I5: =Punteggio!E5 - (3*FantaCulo!F5/100) + IF(Punteggio!E5=1,(FantaCulo!H5/100)-1, 0) - IF(Punteggio!E5=0,(FantaCulo!G5/100), 0) -> 1.6668 | J5: 77.77 | K5: 22.23 | L5: 0 | M5: =Punteggio!G5 - (3*FantaCulo!J5/100) + IF(Punteggio!G5=1,(FantaCulo!L5/100)-1, 0) - IF(Punteggio!G5=0,(FantaCulo!K5/100), 0) -> 0.6669 | N5: 44.44 | O5: 22.22 | P5: 33.34 | Q5: =Punteggio!I5 - (3*FantaCulo!N5/100) + IF(Punteggio!I5=1,(FantaCulo!P5/100)-1, 0) - IF(Punteggio!I5=0,(FantaCulo!O5/100), 0) -> -1.5554 | R5: 77.77 | S5: 22.23 | T5: 0 | U5: =Punteggio!K5 - (3*FantaCulo!R5/100) + IF(Punteggio!K5=1,(FantaCulo!T5/100)-1, 0) - IF(Punteggio!K5=0,(FantaCulo!S5/100), 0) -> 0.6669 | V5: 44.44 | W5: 22.22 | X5: 33.34 | Y5: =Punteggio!M5 - (3*FantaCulo!V5/100) + IF(Punteggio!M5=1,(FantaCulo!X5/100)-1, 0) - IF(Punteggio!M5=0,(FantaCulo!W5/100), 0) -> 1.6668 | Z5: 11.11 | AA5: 22.22 | AB5: 66.67 | AC5: =Punteggio!O5 - (3*FantaCulo!Z5/100) + IF(Punteggio!O5=1,(FantaCulo!AB5/100)-1, 0) - IF(Punteggio!O5=0,(FantaCulo!AA5/100), 0) -> -0.5555 | AD5: 11.11 | AE5: 22.22 | AF5: 66.67 | AG5: =Punteggio!Q5 - (3*FantaCulo!AD5/100) + IF(Punteggio!Q5=1,(FantaCulo!AF5/100)-1, 0) - IF(Punteggio!Q5=0,(FantaCulo!AE5/100), 0) -> -0.5555 | AH5: 0 | AI5: 0 | AJ5: 100 | AK5: =Punteggio!S5 - (3*FantaCulo!AH5/100) + IF(Punteggio!S5=1,(FantaCulo!AJ5/100)-1, 0) - IF(Punteggio!S5=0,(FantaCulo!AI5/100), 0) -> 0 | AL5: 77.77 | AM5: 22.23 | AN5: 0 | AO5: =Punteggio!U5 - (3*FantaCulo!AL5/100) + IF(Punteggio!U5=1,(FantaCulo!AN5/100)-1, 0) - IF(Punteggio!U5=0,(FantaCulo!AM5/100), 0) -> 0.6669
A6: 4 | B6: 66.66 | C6: 33.34 | D6: 0 | E6: =Punteggio!C6 - (3*FantaCulo!B6/100) + IF(Punteggio!C6=1,(FantaCulo!D6/100)-1, 0) - IF(Punteggio!C6=0,(FantaCulo!C6/100), 0) -> 1.0002 | F6: 0 | G6: 11.11 | H6: 88.89 | I6: =Punteggio!E6 - (3*FantaCulo!F6/100) + IF(Punteggio!E6=1,(FantaCulo!H6/100)-1, 0) - IF(Punteggio!E6=0,(FantaCulo!G6/100), 0) -> -0.1111 | J6: 66.66 | K6: 33.34 | L6: 0 | M6: =Punteggio!G6 - (3*FantaCulo!J6/100) + IF(Punteggio!G6=1,(FantaCulo!L6/100)-1, 0) - IF(Punteggio!G6=0,(FantaCulo!K6/100), 0) -> 1.0002 | N6: 22.22 | O6: 33.33 | P6: 44.45 | Q6: =Punteggio!I6 - (3*FantaCulo!N6/100) + IF(Punteggio!I6=1,(FantaCulo!P6/100)-1, 0) - IF(Punteggio!I6=0,(FantaCulo!O6/100), 0) -> -0.2221 | R6: 22.22 | S6: 33.33 | T6: 44.45 | U6: =Punteggio!K6 - (3*FantaCulo!R6/100) + IF(Punteggio!K6=1,(FantaCulo!T6/100)-1, 0) - IF(Punteggio!K6=0,(FantaCulo!S6/100), 0) -> -0.9999 | V6: 0 | W6: 11.11 | X6: 88.89 | Y6: =Punteggio!M6 - (3*FantaCulo!V6/100) + IF(Punteggio!M6=1,(FantaCulo!X6/100)-1, 0) - IF(Punteggio!M6=0,(FantaCulo!W6/100), 0) -> -0.1111 | Z6: 66.66 | AA6: 33.34 | AB6: 0 | AC6: =Punteggio!O6 - (3*FantaCulo!Z6/100) + IF(Punteggio!O6=1,(FantaCulo!AB6/100)-1, 0) - IF(Punteggio!O6=0,(FantaCulo!AA6/100), 0) -> 1.0002 | AD6: 22.22 | AE6: 33.33 | AF6: 44.45 | AG6: =Punteggio!Q6 - (3*FantaCulo!AD6/100) + IF(Punteggio!Q6=1,(FantaCulo!AF6/100)-1, 0) - IF(Punteggio!Q6=0,(FantaCulo!AE6/100), 0) -> -0.2221 | AH6: 22.22 | AI6: 33.33 | AJ6: 44.45 | AK6: =Punteggio!S6 - (3*FantaCulo!AH6/100) + IF(Punteggio!S6=1,(FantaCulo!AJ6/100)-1, 0) - IF(Punteggio!S6=0,(FantaCulo!AI6/100), 0) -> -0.9999 | AL6: 66.66 | AM6: 33.34 | AN6: 0 | AO6: =Punteggio!U6 - (3*FantaCulo!AL6/100) + IF(Punteggio!U6=1,(FantaCulo!AN6/100)-1, 0) - IF(Punteggio!U6=0,(FantaCulo!AM6/100), 0) -> 1.0002
A7: 5 | B7: 0 | C7: 22.22 | D7: 77.78 | E7: =Punteggio!C7 - (3*FantaCulo!B7/100) + IF(Punteggio!C7=1,(FantaCulo!D7/100)-1, 0) - IF(Punteggio!C7=0,(FantaCulo!C7/100), 0) -> -0.2222 | F7: 33.33 | G7: 11.11 | H7: 55.56 | I7: =Punteggio!E7 - (3*FantaCulo!F7/100) + IF(Punteggio!E7=1,(FantaCulo!H7/100)-1, 0) - IF(Punteggio!E7=0,(FantaCulo!G7/100), 0) -> -1.111 | J7: 33.33 | K7: 11.11 | L7: 55.56 | M7: =Punteggio!G7 - (3*FantaCulo!J7/100) + IF(Punteggio!G7=1,(FantaCulo!L7/100)-1, 0) - IF(Punteggio!G7=0,(FantaCulo!K7/100), 0) -> 2.0001 | N7: 55.55 | O7: 11.11 | P7: 33.34 | Q7: =Punteggio!I7 - (3*FantaCulo!N7/100) + IF(Punteggio!I7=1,(FantaCulo!P7/100)-1, 0) - IF(Punteggio!I7=0,(FantaCulo!O7/100), 0) -> 1.3335 | R7: 77.77 | S7: 11.11 | T7: 11.12 | U7: =Punteggio!K7 - (3*FantaCulo!R7/100) + IF(Punteggio!K7=1,(FantaCulo!T7/100)-1, 0) - IF(Punteggio!K7=0,(FantaCulo!S7/100), 0) -> -2.4442 | V7: 77.77 | W7: 11.11 | X7: 11.12 | Y7: =Punteggio!M7 - (3*FantaCulo!V7/100) + IF(Punteggio!M7=1,(FantaCulo!X7/100)-1, 0) - IF(Punteggio!M7=0,(FantaCulo!W7/100), 0) -> 0.6669 | Z7: 100 | AA7: 0 | AB7: 0 | AC7: =Punteggio!O7 - (3*FantaCulo!Z7/100) + IF(Punteggio!O7=1,(FantaCulo!AB7/100)-1, 0) - IF(Punteggio!O7=0,(FantaCulo!AA7/100), 0) -> 0 | AD7: 0 | AE7: 22.22 | AF7: 77.78 | AG7: =Punteggio!Q7 - (3*FantaCulo!AD7/100) + IF(Punteggio!Q7=1,(FantaCulo!AF7/100)-1, 0) - IF(Punteggio!Q7=0,(FantaCulo!AE7/100), 0) -> -0.2222 | AH7: 55.55 | AI7: 11.11 | AJ7: 33.34 | AK7: =Punteggio!S7 - (3*FantaCulo!AH7/100) + IF(Punteggio!S7=1,(FantaCulo!AJ7/100)-1, 0) - IF(Punteggio!S7=0,(FantaCulo!AI7/100), 0) -> 1.3335 | AL7: 0 | AM7: 22.22 | AN7: 77.78 | AO7: =Punteggio!U7 - (3*FantaCulo!AL7/100) + IF(Punteggio!U7=1,(FantaCulo!AN7/100)-1, 0) - IF(Punteggio!U7=0,(FantaCulo!AM7/100), 0) -> -0.2222
A8: 6 | B8: 88.88 | C8: 0 | D8: 11.12 | E8: =Punteggio!C8 - (3*FantaCulo!B8/100) + IF(Punteggio!C8=1,(FantaCulo!D8/100)-1, 0) - IF(Punteggio!C8=0,(FantaCulo!C8/100), 0) -> 0.3336 | F8: 66.66 | G8: 11.11 | H8: 22.23 | I8: =Punteggio!E8 - (3*FantaCulo!F8/100) + IF(Punteggio!E8=1,(FantaCulo!H8/100)-1, 0) - IF(Punteggio!E8=0,(FantaCulo!G8/100), 0) -> 1.0002 | J8: 66.66 | K8: 11.11 | L8: 22.23 | M8: =Punteggio!G8 - (3*FantaCulo!J8/100) + IF(Punteggio!G8=1,(FantaCulo!L8/100)-1, 0) - IF(Punteggio!G8=0,(FantaCulo!K8/100), 0) -> -2.1109 | N8: 11.11 | O8: 44.44 | P8: 44.45 | Q8: =Punteggio!I8 - (3*FantaCulo!N8/100) + IF(Punteggio!I8=1,(FantaCulo!P8/100)-1, 0) - IF(Punteggio!I8=0,(FantaCulo!O8/100), 0) -> 0.1112 | R8: 11.11 | S8: 44.44 | T8: 44.45 | U8: =Punteggio!K8 - (3*FantaCulo!R8/100) + IF(Punteggio!K8=1,(FantaCulo!T8/100)-1, 0) - IF(Punteggio!K8=0,(FantaCulo!S8/100), 0) -> 2.6667 | V8: 11.11 | W8: 44.44 | X8: 44.45 | Y8: =Punteggio!M8 - (3*FantaCulo!V8/100) + IF(Punteggio!M8=1,(FantaCulo!X8/100)-1, 0) - IF(Punteggio!M8=0,(FantaCulo!W8/100), 0) -> -0.7777 | Z8: 100 | AA8: 0 | AB8: 0 | AC8: =Punteggio!O8 - (3*FantaCulo!Z8/100) + IF(Punteggio!O8=1,(FantaCulo!AB8/100)-1, 0) - IF(Punteggio!O8=0,(FantaCulo!AA8/100), 0) -> 0 | AD8: 11.11 | AE8: 44.44 | AF8: 44.45 | AG8: =Punteggio!Q8 - (3*FantaCulo!AD8/100) + IF(Punteggio!Q8=1,(FantaCulo!AF8/100)-1, 0) - IF(Punteggio!Q8=0,(FantaCulo!AE8/100), 0) -> -0.7777 | AH8: 0 | AI8: 0 | AJ8: 100 | AK8: =Punteggio!S8 - (3*FantaCulo!AH8/100) + IF(Punteggio!S8=1,(FantaCulo!AJ8/100)-1, 0) - IF(Punteggio!S8=0,(FantaCulo!AI8/100), 0) -> 0 | AL8: 11.11 | AM8: 44.44 | AN8: 44.45 | AO8: =Punteggio!U8 - (3*FantaCulo!AL8/100) + IF(Punteggio!U8=1,(FantaCulo!AN8/100)-1, 0) - IF(Punteggio!U8=0,(FantaCulo!AM8/100), 0) -> 0.1112
A9: 7 | B9: 11.11 | C9: 33.33 | D9: 55.56 | E9: =Punteggio!C9 - (3*FantaCulo!B9/100) + IF(Punteggio!C9=1,(FantaCulo!D9/100)-1, 0) - IF(Punteggio!C9=0,(FantaCulo!C9/100), 0) -> 2.6667 | F9: 55.55 | G9: 22.22 | H9: 22.23 | I9: =Punteggio!E9 - (3*FantaCulo!F9/100) + IF(Punteggio!E9=1,(FantaCulo!H9/100)-1, 0) - IF(Punteggio!E9=0,(FantaCulo!G9/100), 0) -> 1.3335 | J9: 88.88 | K9: 11.12 | L9: 0 | M9: =Punteggio!G9 - (3*FantaCulo!J9/100) + IF(Punteggio!G9=1,(FantaCulo!L9/100)-1, 0) - IF(Punteggio!G9=0,(FantaCulo!K9/100), 0) -> 0.3336 | N9: 55.55 | O9: 22.22 | P9: 22.23 | Q9: =Punteggio!I9 - (3*FantaCulo!N9/100) + IF(Punteggio!I9=1,(FantaCulo!P9/100)-1, 0) - IF(Punteggio!I9=0,(FantaCulo!O9/100), 0) -> -1.4442 | R9: 11.11 | S9: 33.33 | T9: 55.56 | U9: =Punteggio!K9 - (3*FantaCulo!R9/100) + IF(Punteggio!K9=1,(FantaCulo!T9/100)-1, 0) - IF(Punteggio!K9=0,(FantaCulo!S9/100), 0) -> -0.6666 | V9: 55.55 | W9: 22.22 | X9: 22.23 | Y9: =Punteggio!M9 - (3*FantaCulo!V9/100) + IF(Punteggio!M9=1,(FantaCulo!X9/100)-1, 0) - IF(Punteggio!M9=0,(FantaCulo!W9/100), 0) -> -1.4442 | Z9: 0 | AA9: 0 | AB9: 100 | AC9: =Punteggio!O9 - (3*FantaCulo!Z9/100) + IF(Punteggio!O9=1,(FantaCulo!AB9/100)-1, 0) - IF(Punteggio!O9=0,(FantaCulo!AA9/100), 0) -> 0 | AD9: 11.11 | AE9: 33.33 | AF9: 55.56 | AG9: =Punteggio!Q9 - (3*FantaCulo!AD9/100) + IF(Punteggio!Q9=1,(FantaCulo!AF9/100)-1, 0) - IF(Punteggio!Q9=0,(FantaCulo!AE9/100), 0) -> -0.6666 | AH9: 88.88 | AI9: 11.12 | AJ9: 0 | AK9: =Punteggio!S9 - (3*FantaCulo!AH9/100) + IF(Punteggio!S9=1,(FantaCulo!AJ9/100)-1, 0) - IF(Punteggio!S9=0,(FantaCulo!AI9/100), 0) -> 0.3336 | AL9: 11.11 | AM9: 33.33 | AN9: 55.56 | AO9: =Punteggio!U9 - (3*FantaCulo!AL9/100) + IF(Punteggio!U9=1,(FantaCulo!AN9/100)-1, 0) - IF(Punteggio!U9=0,(FantaCulo!AM9/100), 0) -> -0.6666
A10: 8 | B10: 0 | C10: 11.11 | D10: 88.89 | E10: =Punteggio!C10 - (3*FantaCulo!B10/100) + IF(Punteggio!C10=1,(FantaCulo!D10/100)-1, 0) - IF(Punteggio!C10=0,(FantaCulo!C10/100), 0) -> -0.1111 | F10: 22.22 | G10: 22.22 | H10: 55.56 | I10: =Punteggio!E10 - (3*FantaCulo!F10/100) + IF(Punteggio!E10=1,(FantaCulo!H10/100)-1, 0) - IF(Punteggio!E10=0,(FantaCulo!G10/100), 0) -> -0.8888 | J10: 55.55 | K10: 33.33 | L10: 11.12 | M10: =Punteggio!G10 - (3*FantaCulo!J10/100) + IF(Punteggio!G10=1,(FantaCulo!L10/100)-1, 0) - IF(Punteggio!G10=0,(FantaCulo!K10/100), 0) -> -1.5553 | N10: 55.55 | O10: 33.33 | P10: 11.12 | Q10: =Punteggio!I10 - (3*FantaCulo!N10/100) + IF(Punteggio!I10=1,(FantaCulo!P10/100)-1, 0) - IF(Punteggio!I10=0,(FantaCulo!O10/100), 0) -> 1.3335 | R10: 0 | S10: 0 | T10: 100 | U10: =Punteggio!K10 - (3*FantaCulo!R10/100) + IF(Punteggio!K10=1,(FantaCulo!T10/100)-1, 0) - IF(Punteggio!K10=0,(FantaCulo!S10/100), 0) -> 3 | V10: 55.55 | W10: 33.33 | X10: 11.12 | Y10: =Punteggio!M10 - (3*FantaCulo!V10/100) + IF(Punteggio!M10=1,(FantaCulo!X10/100)-1, 0) - IF(Punteggio!M10=0,(FantaCulo!W10/100), 0) -> -1.5553 | Z10: 0 | AA10: 11.11 | AB10: 88.89 | AC10: =Punteggio!O10 - (3*FantaCulo!Z10/100) + IF(Punteggio!O10=1,(FantaCulo!AB10/100)-1, 0) - IF(Punteggio!O10=0,(FantaCulo!AA10/100), 0) -> -0.1111 | AD10: 22.22 | AE10: 22.22 | AF10: 55.56 | AG10: =Punteggio!Q10 - (3*FantaCulo!AD10/100) + IF(Punteggio!Q10=1,(FantaCulo!AF10/100)-1, 0) - IF(Punteggio!Q10=0,(FantaCulo!AE10/100), 0) -> -0.8888 | AH10: 22.22 | AI10: 22.22 | AJ10: 55.56 | AK10: =Punteggio!S10 - (3*FantaCulo!AH10/100) + IF(Punteggio!S10=1,(FantaCulo!AJ10/100)-1, 0) - IF(Punteggio!S10=0,(FantaCulo!AI10/100), 0) -> 2.3334 | AL10: 55.55 | AM10: 33.33 | AN10: 11.12 | AO10: =Punteggio!U10 - (3*FantaCulo!AL10/100) + IF(Punteggio!U10=1,(FantaCulo!AN10/100)-1, 0) - IF(Punteggio!U10=0,(FantaCulo!AM10/100), 0) -> 1.3335
A11: 9 | B11: 11.11 | C11: 33.33 | D11: 55.56 | E11: =Punteggio!C11 - (3*FantaCulo!B11/100) + IF(Punteggio!C11=1,(FantaCulo!D11/100)-1, 0) - IF(Punteggio!C11=0,(FantaCulo!C11/100), 0) -> -0.6666 | F11: 77.77 | G11: 0 | H11: 22.23 | I11: =Punteggio!E11 - (3*FantaCulo!F11/100) + IF(Punteggio!E11=1,(FantaCulo!H11/100)-1, 0) - IF(Punteggio!E11=0,(FantaCulo!G11/100), 0) -> 0.6669 | J11: 11.11 | K11: 33.33 | L11: 55.56 | M11: =Punteggio!G11 - (3*FantaCulo!J11/100) + IF(Punteggio!G11=1,(FantaCulo!L11/100)-1, 0) - IF(Punteggio!G11=0,(FantaCulo!K11/100), 0) -> 0.2223 | N11: 11.11 | O11: 33.33 | P11: 55.56 | Q11: =Punteggio!I11 - (3*FantaCulo!N11/100) + IF(Punteggio!I11=1,(FantaCulo!P11/100)-1, 0) - IF(Punteggio!I11=0,(FantaCulo!O11/100), 0) -> 0.2223 | R11: 55.55 | S11: 11.11 | T11: 33.34 | U11: =Punteggio!K11 - (3*FantaCulo!R11/100) + IF(Punteggio!K11=1,(FantaCulo!T11/100)-1, 0) - IF(Punteggio!K11=0,(FantaCulo!S11/100), 0) -> 1.3335 | V11: 11.11 | W11: 33.33 | X11: 55.56 | Y11: =Punteggio!M11 - (3*FantaCulo!V11/100) + IF(Punteggio!M11=1,(FantaCulo!X11/100)-1, 0) - IF(Punteggio!M11=0,(FantaCulo!W11/100), 0) -> 2.6667 | Z11: 0 | AA11: 0 | AB11: 100 | AC11: =Punteggio!O11 - (3*FantaCulo!Z11/100) + IF(Punteggio!O11=1,(FantaCulo!AB11/100)-1, 0) - IF(Punteggio!O11=0,(FantaCulo!AA11/100), 0) -> 0 | AD11: 55.55 | AE11: 11.11 | AF11: 33.34 | AG11: =Punteggio!Q11 - (3*FantaCulo!AD11/100) + IF(Punteggio!Q11=1,(FantaCulo!AF11/100)-1, 0) - IF(Punteggio!Q11=0,(FantaCulo!AE11/100), 0) -> -1.7776 | AH11: 88.88 | AI11: 11.11 | AJ11: 0 | AK11: =Punteggio!S11 - (3*FantaCulo!AH11/100) + IF(Punteggio!S11=1,(FantaCulo!AJ11/100)-1, 0) - IF(Punteggio!S11=0,(FantaCulo!AI11/100), 0) -> -2.6664 | AL11: 88.88 | AM11: 11.11 | AN11: 0 | AO11: =Punteggio!U11 - (3*FantaCulo!AL11/100) + IF(Punteggio!U11=1,(FantaCulo!AN11/100)-1, 0) - IF(Punteggio!U11=0,(FantaCulo!AM11/100), 0) -> -2.6664
A12: 10 | B12: 77.77 | C12: 11.11 | D12: 11.12 | E12: =Punteggio!C12 - (3*FantaCulo!B12/100) + IF(Punteggio!C12=1,(FantaCulo!D12/100)-1, 0) - IF(Punteggio!C12=0,(FantaCulo!C12/100), 0) -> 0.6669 | F12: 77.77 | G12: 11.11 | H12: 11.12 | I12: =Punteggio!E12 - (3*FantaCulo!F12/100) + IF(Punteggio!E12=1,(FantaCulo!H12/100)-1, 0) - IF(Punteggio!E12=0,(FantaCulo!G12/100), 0) -> -2.4442 | J12: 100 | K12: 0 | L12: 0 | M12: =Punteggio!G12 - (3*FantaCulo!J12/100) + IF(Punteggio!G12=1,(FantaCulo!L12/100)-1, 0) - IF(Punteggio!G12=0,(FantaCulo!K12/100), 0) -> 0 | N12: 0 | O12: 22.22 | P12: 77.78 | Q12: =Punteggio!I12 - (3*FantaCulo!N12/100) + IF(Punteggio!I12=1,(FantaCulo!P12/100)-1, 0) - IF(Punteggio!I12=0,(FantaCulo!O12/100), 0) -> -0.2222 | R12: 0 | S12: 22.22 | T12: 77.78 | U12: =Punteggio!K12 - (3*FantaCulo!R12/100) + IF(Punteggio!K12=1,(FantaCulo!T12/100)-1, 0) - IF(Punteggio!K12=0,(FantaCulo!S12/100), 0) -> -0.2222 | V12: 0 | W12: 22.22 | X12: 77.78 | Y12: =Punteggio!M12 - (3*FantaCulo!V12/100) + IF(Punteggio!M12=1,(FantaCulo!X12/100)-1, 0) - IF(Punteggio!M12=0,(FantaCulo!W12/100), 0) -> -0.2222 | Z12: 33.33 | AA12: 33.33 | AB12: 33.34 | AC12: =Punteggio!O12 - (3*FantaCulo!Z12/100) + IF(Punteggio!O12=1,(FantaCulo!AB12/100)-1, 0) - IF(Punteggio!O12=0,(FantaCulo!AA12/100), 0) -> 2.0001 | AD12: 33.33 | AE12: 33.33 | AF12: 33.34 | AG12: =Punteggio!Q12 - (3*FantaCulo!AD12/100) + IF(Punteggio!Q12=1,(FantaCulo!AF12/100)-1, 0) - IF(Punteggio!Q12=0,(FantaCulo!AE12/100), 0) -> -1.3332 | AH12: 33.33 | AI12: 33.33 | AJ12: 33.34 | AK12: =Punteggio!S12 - (3*FantaCulo!AH12/100) + IF(Punteggio!S12=1,(FantaCulo!AJ12/100)-1, 0) - IF(Punteggio!S12=0,(FantaCulo!AI12/100), 0) -> 2.0001 | AL12: 33.33 | AM12: 33.33 | AN12: 33.34 | AO12: =Punteggio!U12 - (3*FantaCulo!AL12/100) + IF(Punteggio!U12=1,(FantaCulo!AN12/100)-1, 0) - IF(Punteggio!U12=0,(FantaCulo!AM12/100), 0) -> 2.0001
A13: 11 | B13: 0 | C13: 0 | D13: 100 | E13: =Punteggio!C13 - (3*FantaCulo!B13/100) + IF(Punteggio!C13=1,(FantaCulo!D13/100)-1, 0) - IF(Punteggio!C13=0,(FantaCulo!C13/100), 0) -> 0 | F13: 88.88 | G13: 11.11 | H13: 0 | I13: =Punteggio!E13 - (3*FantaCulo!F13/100) + IF(Punteggio!E13=1,(FantaCulo!H13/100)-1, 0) - IF(Punteggio!E13=0,(FantaCulo!G13/100), 0) -> 0.3336 | J13: 11.11 | K13: 22.22 | L13: 66.67 | M13: =Punteggio!G13 - (3*FantaCulo!J13/100) + IF(Punteggio!G13=1,(FantaCulo!L13/100)-1, 0) - IF(Punteggio!G13=0,(FantaCulo!K13/100), 0) -> -0.5555 | N13: 44.44 | O13: 33.33 | P13: 22.23 | Q13: =Punteggio!I13 - (3*FantaCulo!N13/100) + IF(Punteggio!I13=1,(FantaCulo!P13/100)-1, 0) - IF(Punteggio!I13=0,(FantaCulo!O13/100), 0) -> -1.6665 | R13: 44.44 | S13: 33.33 | T13: 22.23 | U13: =Punteggio!K13 - (3*FantaCulo!R13/100) + IF(Punteggio!K13=1,(FantaCulo!T13/100)-1, 0) - IF(Punteggio!K13=0,(FantaCulo!S13/100), 0) -> 1.6668 | V13: 11.11 | W13: 22.22 | X13: 66.67 | Y13: =Punteggio!M13 - (3*FantaCulo!V13/100) + IF(Punteggio!M13=1,(FantaCulo!X13/100)-1, 0) - IF(Punteggio!M13=0,(FantaCulo!W13/100), 0) -> -0.5555 | Z13: 44.44 | AA13: 33.33 | AB13: 22.23 | AC13: =Punteggio!O13 - (3*FantaCulo!Z13/100) + IF(Punteggio!O13=1,(FantaCulo!AB13/100)-1, 0) - IF(Punteggio!O13=0,(FantaCulo!AA13/100), 0) -> 1.6668 | AD13: 44.44 | AE13: 33.33 | AF13: 22.23 | AG13: =Punteggio!Q13 - (3*FantaCulo!AD13/100) + IF(Punteggio!Q13=1,(FantaCulo!AF13/100)-1, 0) - IF(Punteggio!Q13=0,(FantaCulo!AE13/100), 0) -> 1.6668 | AH13: 88.88 | AI13: 11.11 | AJ13: 0 | AK13: =Punteggio!S13 - (3*FantaCulo!AH13/100) + IF(Punteggio!S13=1,(FantaCulo!AJ13/100)-1, 0) - IF(Punteggio!S13=0,(FantaCulo!AI13/100), 0) -> 0.3336 | AL13: 11.11 | AM13: 22.22 | AN13: 66.67 | AO13: =Punteggio!U13 - (3*FantaCulo!AL13/100) + IF(Punteggio!U13=1,(FantaCulo!AN13/100)-1, 0) - IF(Punteggio!U13=0,(FantaCulo!AM13/100), 0) -> -0.5555
A14: 12 | B14: 22.22 | C14: 22.22 | D14: 55.56 | E14: =Punteggio!C14 - (3*FantaCulo!B14/100) + IF(Punteggio!C14=1,(FantaCulo!D14/100)-1, 0) - IF(Punteggio!C14=0,(FantaCulo!C14/100), 0) -> 2.3334 | F14: 55.55 | G14: 33.33 | H14: 11.12 | I14: =Punteggio!E14 - (3*FantaCulo!F14/100) + IF(Punteggio!E14=1,(FantaCulo!H14/100)-1, 0) - IF(Punteggio!E14=0,(FantaCulo!G14/100), 0) -> -1.5553 | J14: 55.55 | K14: 33.33 | L14: 11.12 | M14: =Punteggio!G14 - (3*FantaCulo!J14/100) + IF(Punteggio!G14=1,(FantaCulo!L14/100)-1, 0) - IF(Punteggio!G14=0,(FantaCulo!K14/100), 0) -> 1.3335 | N14: 0 | O14: 11.11 | P14: 88.89 | Q14: =Punteggio!I14 - (3*FantaCulo!N14/100) + IF(Punteggio!I14=1,(FantaCulo!P14/100)-1, 0) - IF(Punteggio!I14=0,(FantaCulo!O14/100), 0) -> -0.1111 | R14: 100 | S14: 0 | T14: 0 | U14: =Punteggio!K14 - (3*FantaCulo!R14/100) + IF(Punteggio!K14=1,(FantaCulo!T14/100)-1, 0) - IF(Punteggio!K14=0,(FantaCulo!S14/100), 0) -> 0 | V14: 22.22 | W14: 22.22 | X14: 55.56 | Y14: =Punteggio!M14 - (3*FantaCulo!V14/100) + IF(Punteggio!M14=1,(FantaCulo!X14/100)-1, 0) - IF(Punteggio!M14=0,(FantaCulo!W14/100), 0) -> -0.8888 | Z14: 55.55 | AA14: 33.33 | AB14: 11.12 | AC14: =Punteggio!O14 - (3*FantaCulo!Z14/100) + IF(Punteggio!O14=1,(FantaCulo!AB14/100)-1, 0) - IF(Punteggio!O14=0,(FantaCulo!AA14/100), 0) -> -1.5553 | AD14: 55.55 | AE14: 33.33 | AF14: 11.12 | AG14: =Punteggio!Q14 - (3*FantaCulo!AD14/100) + IF(Punteggio!Q14=1,(FantaCulo!AF14/100)-1, 0) - IF(Punteggio!Q14=0,(FantaCulo!AE14/100), 0) -> 1.3335 | AH14: 22.22 | AI14: 22.22 | AJ14: 55.56 | AK14: =Punteggio!S14 - (3*FantaCulo!AH14/100) + IF(Punteggio!S14=1,(FantaCulo!AJ14/100)-1, 0) - IF(Punteggio!S14=0,(FantaCulo!AI14/100), 0) -> -0.8888 | AL14: 0 | AM14: 11.11 | AN14: 88.89 | AO14: =Punteggio!U14 - (3*FantaCulo!AL14/100) + IF(Punteggio!U14=1,(FantaCulo!AN14/100)-1, 0) - IF(Punteggio!U14=0,(FantaCulo!AM14/100), 0) -> -0.1111
... A37: 35 | B37: 77.77 | C37: 22.23 | D37: 0 | E37: =Punteggio!C37 - (3*FantaCulo!B37/100) + IF(Punteggio!C37=1,(FantaCulo!D37/100)-1, 0) - IF(Punteggio!C37=0,(FantaCulo!C37/100), 0) -> 0.6669 | F37: 33.33 | G37: 0 | H37: 66.67 | I37: =Punteggio!E37 - (3*FantaCulo!F37/100) + IF(Punteggio!E37=1,(FantaCulo!H37/100)-1, 0) - IF(Punteggio!E37=0,(FantaCulo!G37/100), 0) -> 2.0001 | J37: 0 | K37: 22.22 | L37: 77.78 | M37: =Punteggio!G37 - (3*FantaCulo!J37/100) + IF(Punteggio!G37=1,(FantaCulo!L37/100)-1, 0) - IF(Punteggio!G37=0,(FantaCulo!K37/100), 0) -> 0.7778 | N37: 0 | O37: 22.22 | P37: 77.78 | Q37: =Punteggio!I37 - (3*FantaCulo!N37/100) + IF(Punteggio!I37=1,(FantaCulo!P37/100)-1, 0) - IF(Punteggio!I37=0,(FantaCulo!O37/100), 0) -> -0.2222 | R37: 77.77 | S37: 22.23 | T37: 0 | U37: =Punteggio!K37 - (3*FantaCulo!R37/100) + IF(Punteggio!K37=1,(FantaCulo!T37/100)-1, 0) - IF(Punteggio!K37=0,(FantaCulo!S37/100), 0) -> -2.3331 | V37: 0 | W37: 22.22 | X37: 77.78 | Y37: =Punteggio!M37 - (3*FantaCulo!V37/100) + IF(Punteggio!M37=1,(FantaCulo!X37/100)-1, 0) - IF(Punteggio!M37=0,(FantaCulo!W37/100), 0) -> 0.7778 | Z37: 44.44 | AA37: 22.22 | AB37: 33.34 | AC37: =Punteggio!O37 - (3*FantaCulo!Z37/100) + IF(Punteggio!O37=1,(FantaCulo!AB37/100)-1, 0) - IF(Punteggio!O37=0,(FantaCulo!AA37/100), 0) -> -0.9998 | AD37: 77.77 | AE37: 22.23 | AF37: 0 | AG37: =Punteggio!Q37 - (3*FantaCulo!AD37/100) + IF(Punteggio!Q37=1,(FantaCulo!AF37/100)-1, 0) - IF(Punteggio!Q37=0,(FantaCulo!AE37/100), 0) -> -2.3331 | AH37: 44.44 | AI37: 22.22 | AJ37: 33.34 | AK37: =Punteggio!S37 - (3*FantaCulo!AH37/100) + IF(Punteggio!S37=1,(FantaCulo!AJ37/100)-1, 0) - IF(Punteggio!S37=0,(FantaCulo!AI37/100), 0) -> -1.5554 | AL37: 44.44 | AM37: 22.22 | AN37: 33.34 | AO37: =Punteggio!U37 - (3*FantaCulo!AL37/100) + IF(Punteggio!U37=1,(FantaCulo!AN37/100)-1, 0) - IF(Punteggio!U37=0,(FantaCulo!AM37/100), 0) -> -0.9998
A38: 36
A40: ∑ | B40: =SUM(E3:E38) -> 11.7817 | F40: =SUM(I3:I38) -> 12.1158 | J40: =SUM(M3:M38) -> 0.8936 | N40: =SUM(Q3:Q38) -> -6.9961 | R40: =SUM(U3:U38) -> -2.1067 | V40: =SUM(Y3:Y38) -> -4.5518 | Z40: =SUM(AC3:AC38) -> 0.115 | AD40: =SUM(AG3:AG38) -> -6.8854 | AH40: =SUM(AK3:AK38) -> -2.1073 | AL40: =SUM(AO3:AO38) -> 9.4487
B41: =B40 -> 11.7817 | F41: =F40 -> 12.1158 | J41: =J40 -> 0.8936 | N41: =N40 -> -6.9961 | R41: =R40 -> -2.1067 | V41: =V40 -> -4.5518 | Z41: =Z40 -> 0.115 | AD41: =AD40 -> -6.8854 | AH41: =AH40 -> -2.1073 | AL41: =AL40 -> 9.4487

Sheet Punteggio
A1: Giornata | B1: STRAW DOGS | D1: DELU TEAM | F1: TROFIE 'NFOIATE | H1: MAMBO FC | J1: MANZOTEAM | L1: MOJITO FC | N1: RCD SUERTE | P1: PATATINAIKOS | R1: SAMPMANIA | T1: SPACCA CFC
B2: Fantapunti | C2: Punti | D2: Fantapunti | E2: Punti | F2: Fantapunti | G2: Punti | H2: Fantapunti | I2: Punti | J2: Fantapunti | K2: Punti | L2: Fantapunti | M2: Punti | N2: Fantapunti | O2: Punti | P2: Fantapunti | Q2: Punti | R2: Fantapunti | S2: Punti | T2: Fantapunti | U2: Punti
A3: 1 | B3: 81.5 | C3: 3 | D3: 68.5 | E3: 1 | F3: 69.5 | G3: 1 | H3: 80 | I3: 3 | J3: 68.5 | K3: 0 | L3: 76.5 | M3: 0 | N3: 61 | O3: 0 | P3: 62 | Q3: 0 | R3: 91 | S3: 3 | T3: 78.5 | U3: 3
A4: 2 | B4: 72.5 | C4: 1 | D4: 73.5 | E4: 1 | F4: 85.5 | G4: 3 | H4: 72.5 | I4: 0 | J4: 75 | K4: 3 | L4: 70 | M4: 0 | N4: 75 | O4: 0 | P4: 68 | Q4: 1 | R4: 81 | S4: 3 | T4: 70.5 | U4: 1
A5: 3 | B5: 67.5 | C5: 0 | D5: 76 | E5: 3 | F5: 83 | G5: 3 | H5: 72.5 | I5: 0 | J5: 79 | K5: 3 | L5: 73 | M5: 3 | N5: 69 | O5: 0 | P5: 67 | Q5: 0 | R5: 62 | S5: 0 | T5: 79.5 | U5: 3
A6: 4 | B6: 73.5 | C6: 3 | D6: 64.5 | E6: 0 | F6: 73.5 | G6: 3 | H6: 70.5 | I6: 1 | J6: 66 | K6: 0 | L6: 64 | M6: 0 | N6: 72.5 | O6: 3 | P6: 67 | Q6: 1 | R6: 70.5 | S6: 0 | T6: 77.5 | U6: 3
A7: 5 | B7: 65.5 | C7: 0 | D7: 69.5 | E7: 0 | F7: 71 | G7: 3 | H7: 76 | I7: 3 | J7: 82 | K7: 0 | L7: 78.5 | M7: 3 | N7: 85 | O7: 3 | P7: 62.5 | Q7: 0 | R7: 73.5 | S7: 3 | T7: 65 | U7: 0
A8: 6 | B8: 78.5 | C8: 3 | D8: 75 | E8: 3 | F8: 72.5 | G8: 0 | H8: 67 | I8: 1 | J8: 67.5 | K8: 3 | L8: 69.5 | M8: 0 | N8: 88.5 | O8: 3 | P8: 68 | Q8: 0 | R8: 63 | S8: 0 | T8: 71.5 | U8: 1
A9: 7 | B9: 68 | C9: 3 | D9: 74.5 | E9: 3 | F9: 83 | G9: 3 | H9: 77 | I9: 1 | J9: 68.5 | K9: 0 | L9: 73 | M9: 1 | N9: 63.5 | O9: 0 | P9: 67 | Q9: 0 | R9: 79 | S9: 3 | T9: 68 | U9: 0
A10: 8 | B10: 60 | C10: 0 | D10: 71 | E10: 0 | F10: 72.5 | G10: 1 | H10: 76.5 | I10: 3 | J10: 79 | K10: 3 | L10: 75.5 | M10: 1 | N10: 63 | O10: 0 | P10: 67.5 | Q10: 0 | R10: 66 | S10: 3 | T10: 75.5 | U10: 3
A11: 9 | B11: 71.5 | C11: 0 | D11: 82 | E11: 3 | F11: 66 | G11: 1 | H11: 67 | I11: 1 | J11: 76 | K11: 3 | L11: 71.5 | M11: 3 | N11: 62.5 | O11: 0 | P11: 75 | Q11: 0 | R11: 84.5 | S11: 1 | T11: 85.5 | U11: 1
A12: 10 | B12: 81 | C12: 3 | D12: 82 | E12: 0 | F12: 87 | G12: 3 | H12: 65 | I12: 0 | J12: 65.5 | K12: 0 | L12: 65 | M12: 0 | N12: 74.5 | O12: 3 | P12: 74 | Q12: 0 | R12: 75.5 | S12: 3 | T12: 75 | U12: 3
A13: 11 | B13: 59 | C13: 0 | D13: 78.5 | E13: 3 | F13: 69 | G13: 0 | H13: 75 | I13: 0 | J13: 74.5 | K13: 3 | L13: 70 | M13: 0 | N13: 74 | O13: 3 | P13: 72 | Q13: 3 | R13: 80.5 | S13: 3 | T13: 67.5 | U13: 0
A14: 12 | B14: 67.5 | C14: 3 | D14: 72 | E14: 1 | F14: 74 | G14: 3 | H14: 60 | I14: 0 | J14: 78.5 | K14: 3 | L14: 68 | M14: 0 | N14: 72 | O14: 1 | P14: 77 | Q14: 3 | R14: 68 | S14: 0 | T14: 65 | U14: 0
... A37: 35 | B37: 80 | C37: 3 | D37: 71 | E37: 3 | F37: 61.5 | G37: 1 | H37: 53.5 | I37: 0 | J37: 83.5 | K37: 1 | L37: 65.5 | M37: 1 | N37: 72.5 | O37: 1 | P37: 78 | Q37: 1 | R37: 76 | S37: 0 | T37: 74 | U37: 1
A38: 36
A39: Totale | B39: =SUM(B3:B38) -> 2523 | C39: =SUM(C3:C38) -> 52 | D39: =SUM(D3:D38) -> 2613.5 | E39: =SUM(E3:E38) -> 65 | F39: =SUM(F3:F38) -> 2613 | G39: =SUM(G3:G38) -> 56 | H39: =SUM(H3:H38) -> 2504 | I39: =SUM(I3:I38) -> 35 | ... U39: =SUM(U3:U38) -> 60
A40: Punteggio Max | B40: =MAX(B3:B38) -> 83 | D40: =MAX(D3:D38) -> 86.5 | F40: =MAX(F3:F38) -> 87 | H40: =MAX(H3:H38) -> 88 | J40: =MAX(J3:J38) -> 89 | L40: =MAX(L3:L38) -> 91.5 | N40: =MAX(N3:N38) -> 88.5 | P40: =MAX(P3:P38) -> 94 | R40: =MAX(R3:R38) -> 91 | T40: =MAX(T3:T38) -> 90.5
A41: Media | B41: =AVERAGE(B3:B38) -> 72.085714 | C41: =AVERAGE(C3:C38) -> 1.4857143 | D41: =AVERAGE(D3:D38) -> 74.671429 | E41: =AVERAGE(E3:E38) -> 1.8571429 | F41: =AVERAGE(F3:F38) -> 74.657143 | G41: =AVERAGE(G3:G38) -> 1.6 | H41: =AVERAGE(H3:H38) -> 71.542857 | I41: =AVERAGE(I3:I38) -> 1 | ... U41: =AVERAGE(U3:U38) -> 1.7142857
A43: Differenza Reti | B43: =B51-C51 -> -1 | D43: =D51-E51 -> 10 | F43: =F51-G51 -> 12 | H43: =H51-I51 -> -9 | J43: =J51-K51 -> 7 | L43: =L51-M51 -> -14 | N43: =N51-O51 -> 2 | P43: =P51-Q51 -> -13 | R43: =R51-S51 -> -6 | T43: =T51-U51 -> 12
A45: Handicap | B45: =COUNTIF(B3:B38, 65.5) + COUNTIF(B3:B38, 71.5) + COUNTIF(B3:B38, 77.5) + COUNTIF(B3:B38, 83.5) + COUNTIF(B3:B38, 89.5) + COUNTIF(B3:B38, 95.5) -> 4 | D45: =COUNTIF(D3:D38, 65.5) + COUNTIF(D3:D38, 71.5) + COUNTIF(D3:D38, 77.5) + COUNTIF(D3:D38, 83.5) + COUNTIF(D3:D38, 89.5) + COUNTIF(D3:D38, 95.5) -> 0 | F45: =COUNTIF(F3:F38, 65.5) + COUNTIF(F3:F38, 71.5) + COUNTIF(F3:F38, 77.5) + COUNTIF(F3:F38, 83.5) + COUNTIF(F3:F38, 89.5) + COUNTIF(F3:F38, 95.5) -> 0 | H45: =COUNTIF(H3:H38, 65.5) + COUNTIF(H3:H38, 71.5) + COUNTIF(H3:H38, 77.5) + COUNTIF(H3:H38, 83.5) + COUNTIF(H3:H38, 89.5) + COUNTIF(H3:H38, 95.5) -> 1 | J45: =COUNTIF(J3:J38, 65.5) + COUNTIF(J3:J38, 71.5) + COUNTIF(J3:J38, 77.5) + COUNTIF(J3:J38, 83.5) + COUNTIF(J3:J38, 89.5) + COUNTIF(J3:J38, 95.5) -> 3 | L45: =COUNTIF(L3:L38, 65.5) + COUNTIF(L3:L38, 71.5) + COUNTIF(L3:L38, 77.5) + COUNTIF(L3:L38, 83.5) + COUNTIF(L3:L38, 89.5) + COUNTIF(L3:L38, 95.5) -> 3 | N45: =COUNTIF(N3:N38, 65.5) + COUNTIF(N3:N38, 71.5) + COUNTIF(N3:N38, 77.5) + COUNTIF(N3:N38, 83.5) + COUNTIF(N3:N38, 89.5) + COUNTIF(N3:N38, 95.5) -> 3 | P45: =COUNTIF(P3:P38, 65.5) + COUNTIF(P3:P38, 71.5) + COUNTIF(P3:P38, 77.5) + COUNTIF(P3:P38, 83.5) + COUNTIF(P3:P38, 89.5) + COUNTIF(P3:P38, 95.5) -> 3 | R45: =COUNTIF(R3:R38, 65.5) + COUNTIF(R3:R38, 71.5) + COUNTIF(R3:R38, 77.5) + COUNTIF(R3:R38, 83.5) + COUNTIF(R3:R38, 89.5) + COUNTIF(R3:R38, 95.5) -> 0 | T45: =COUNTIF(T3:T38, 65.5) + COUNTIF(T3:T38, 71.5) + COUNTIF(T3:T38, 77.5) + COUNTIF(T3:T38, 83.5) + COUNTIF(T3:T38, 89.5) + COUNTIF(T3:T38, 95.5) -> 3
A46: Punti Persi | B46: 3 | H46: 2 | J46: 1 | L46: 2 | N46: 5 | P46: 2 | T46: 2
A48: Cifra Tonda | B48: =COUNTIF(B3:B38, 66) + COUNTIF(B3:B38, 72) + COUNTIF(B3:B38, 78) + COUNTIF(B3:B38, 84) + COUNTIF(B3:B38, 90) + COUNTIF(B3:B38, 96) -> 2 | D48: =COUNTIF(D3:D38, 66) + COUNTIF(D3:D38, 72) + COUNTIF(D3:D38, 78) + COUNTIF(D3:D38, 84) + COUNTIF(D3:D38, 90) + COUNTIF(D3:D38, 96) -> 2 | F48: =COUNTIF(F3:F38, 66) + COUNTIF(F3:F38, 72) + COUNTIF(F3:F38, 78) + COUNTIF(F3:F38, 84) + COUNTIF(F3:F38, 90) + COUNTIF(F3:F38, 96) -> 3 | H48: =COUNTIF(H3:H38, 66) + COUNTIF(H3:H38, 72) + COUNTIF(H3:H38, 78) + COUNTIF(H3:H38, 84) + COUNTIF(H3:H38, 90) + COUNTIF(H3:H38, 96) -> 1 | J48: =COUNTIF(J3:J38, 66) + COUNTIF(J3:J38, 72) + COUNTIF(J3:J38, 78) + COUNTIF(J3:J38, 84) + COUNTIF(J3:J38, 90) + COUNTIF(J3:J38, 96) -> 3 | L48: =COUNTIF(L3:L38, 66) + COUNTIF(L3:L38, 72) + COUNTIF(L3:L38, 78) + COUNTIF(L3:L38, 84) + COUNTIF(L3:L38, 90) + COUNTIF(L3:L38, 96) -> 2 | N48: =COUNTIF(N3:N38, 66) + COUNTIF(N3:N38, 72) + COUNTIF(N3:N38, 78) + COUNTIF(N3:N38, 84) + COUNTIF(N3:N38, 90) + COUNTIF(N3:N38, 96) -> 3 | P48: =COUNTIF(P3:P38, 66) + COUNTIF(P3:P38, 72) + COUNTIF(P3:P38, 78) + COUNTIF(P3:P38, 84) + COUNTIF(P3:P38, 90) + COUNTIF(P3:P38, 96) -> 3 | R48: =COUNTIF(R3:R38, 66) + COUNTIF(R3:R38, 72) + COUNTIF(R3:R38, 78) + COUNTIF(R3:R38, 84) + COUNTIF(R3:R38, 90) + COUNTIF(R3:R38, 96) -> 3 | T48: =COUNTIF(T3:T38, 66) + COUNTIF(T3:T38, 72) + COUNTIF(T3:T38, 78) + COUNTIF(T3:T38, 84) + COUNTIF(T3:T38, 90) + COUNTIF(T3:T38, 96) -> 3
A49: Punti Guadagnati | B49: 2 | D49: 1 | F49: 2 | H49: 0 | J49: 1 | L49: 0 | N49: 3 | P49: 5 | R49: 2 | T49: 1
A51: Gol fatti/ subiti | B51: 56 | C51: 57 | D51: 69 | E51: 59 | F51: 70 | G51: 58 | H51: 54 | I51: 63 | J51: 80 | K51: 73 | L51: 56 | M51: 70 | N51: 67 | O51: 65 | P51: 64 | Q51: 77 | R51: 62 | S51: 68 | T51: 70 | U51: 58
A53: Vittoria | B53: =COUNTIF(C3:C38,3) -> 15 | C53: =B53/'RAW DATA andamento'!$B$57 -> 0.42857143 | D53: =COUNTIF(E3:E38,3) -> 20 | E53: =D53/'RAW DATA andamento'!$B$57 -> 0.57142857 | F53: =COUNTIF(G3:G38,3) -> 15 | G53: =F53/'RAW DATA andamento'!$B$57 -> 0.42857143 | H53: =COUNTIF(I3:I38,3) -> 9 | I53: =H53/'RAW DATA andamento'!$B$57 -> 0.25714286 | J53: =COUNTIF(K3:K38,3) -> 17 | K53: =J53/'RAW DATA andamento'!$B$57 -> 0.48571429 | L53: =COUNTIF(M3:M38,3) -> 10 | M53: =L53/'RAW DATA andamento'!$B$57 -> 0.28571429 | N53: =COUNTIF(O3:O38,3) -> 14 | O53: =N53/'RAW DATA andamento'!$B$57 -> 0.4 | P53: =COUNTIF(Q3:Q38,3) -> 11 | Q53: =P53/'RAW DATA andamento'!$B$57 -> 0.31428571 | R53: =COUNTIF(S3:S38,3) -> 13 | S53: =R53/'RAW DATA andamento'!$B$57 -> 0.37142857 | T53: =COUNTIF(U3:U38,3) -> 17 | U53: =T53/'RAW DATA andamento'!$B$57 -> 0.48571429
A54: Pareggio | B54: =COUNTIF(C3:C38,1) -> 7 | C54: =B54/'RAW DATA andamento'!$B$57 -> 0.2 | D54: =COUNTIF(E3:E38,1) -> 5 | E54: =D54/'RAW DATA andamento'!$B$57 -> 0.14285714 | F54: =COUNTIF(G3:G38,1) -> 11 | G54: =F54/'RAW DATA andamento'!$B$57 -> 0.31428571 | H54: =COUNTIF(I3:I38,1) -> 8 | I54: =H54/'RAW DATA andamento'!$B$57 -> 0.22857143 | J54: =COUNTIF(K3:K38,1) -> 5 | K54: =J54/'RAW DATA andamento'!$B$57 -> 0.14285714 | L54: =COUNTIF(M3:M38,1) -> 5 | M54: =L54/'RAW DATA andamento'!$B$57 -> 0.14285714 | N54: =COUNTIF(O3:O38,1) -> 8 | O54: =N54/'RAW DATA andamento'!$B$57 -> 0.22857143 | P54: =COUNTIF(Q3:Q38,1) -> 6 | Q54: =P54/'RAW DATA andamento'!$B$57 -> 0.17142857 | R54: =COUNTIF(S3:S38,1) -> 4 | S54: =R54/'RAW DATA andamento'!$B$57 -> 0.11428571 | T54: =COUNTIF(U3:U38,1) -> 9 | U54: =T54/'RAW DATA andamento'!$B$57 -> 0.25714286
A55: Sconfitta | B55: =COUNTIF(C3:C38,0) -> 13 | C55: =B55/'RAW DATA andamento'!$B$57 -> 0.37142857 | D55: =COUNTIF(E3:E38,0) -> 10 | E55: =D55/'RAW DATA andamento'!$B$57 -> 0.28571429 | F55: =COUNTIF(G3:G38,0) -> 9 | G55: =F55/'RAW DATA andamento'!$B$57 -> 0.25714286 | H55: =COUNTIF(I3:I38,0) -> 18 | I55: =H55/'RAW DATA andamento'!$B$57 -> 0.51428571 | J55: =COUNTIF(K3:K38,0) -> 13 | K55: =J55/'RAW DATA andamento'!$B$57 -> 0.37142857 | L55: =COUNTIF(M3:M38,0) -> 20 | M55: =L55/'RAW DATA andamento'!$B$57 -> 0.57142857 | N55: =COUNTIF(O3:O38,0) -> 13 | O55: =N55/'RAW DATA andamento'!$B$57 -> 0.37142857 | P55: =COUNTIF(Q3:Q38,0) -> 18 | Q55: =P55/'RAW DATA andamento'!$B$57 -> 0.51428571 | R55: =COUNTIF(S3:S38,0) -> 18 | S55: =R55/'RAW DATA andamento'!$B$57 -> 0.51428571 | T55: =COUNTIF(U3:U38,0) -> 9 | U55: =T55/'RAW DATA andamento'!$B$57 -> 0.25714286
A57: Fascia 0 Gol | B57: =COUNTIF(B3:B38,"<66") -> 5 | C57: =B57/'RAW DATA andamento'!$B$57 -> 0.14285714 | D57: =COUNTIF(D3:D38,"<66") -> 5 | E57: =D57/'RAW DATA andamento'!$B$57 -> 0.14285714 | F57: =COUNTIF(F3:F38,"<66") -> 2 | G57: =F57/'RAW DATA andamento'!$B$57 -> 0.057142857 | H57: =COUNTIF(H3:H38,"<66") -> 7 | I57: =H57/'RAW DATA andamento'!$B$57 -> 0.2 | J57: =COUNTIF(J3:J38,"<66") -> 1 | K57: =J57/'RAW DATA andamento'!$B$57 -> 0.028571429 | L57: =COUNTIF(L3:L38,"<66") -> 5 | M57: =L57/'RAW DATA andamento'!$B$57 -> 0.14285714 | N57: =COUNTIF(N3:N38,"<66") -> 7 | O57: =N57/'RAW DATA andamento'!$B$57 -> 0.2 | P57: =COUNTIF(P3:P38,"<66") -> 5 | Q57: =P57/'RAW DATA andamento'!$B$57 -> 0.14285714 | R57: =COUNTIF(R3:R38,"<66") -> 4 | S57: =R57/'RAW DATA andamento'!$B$57 -> 0.11428571 | T57: =COUNTIF(T3:T38,"<66") -> 2 | U57: =T57/'RAW DATA andamento'!$B$57 -> 0.057142857
A58: Fascia 1 Gol | B58: =COUNTIFS(B3:B38,"> 66", B3:B38,"< 72")+COUNTIF(B3:B38,"=66") -> 13 | C58: =B58/'RAW DATA andamento'!$B$57 -> 0.37142857 | D58: =COUNTIFS(D3:D38,"> 66", D3:D38,"< 72")+COUNTIF(D3:D38,"=66") -> 6 | E58: =D58/'RAW DATA andamento'!$B$57 -> 0.17142857 | F58: =COUNTIFS(F3:F38,"> 66", F3:F38,"< 72")+COUNTIF(F3:F38,"=66") -> 10 | G58: =F58/'RAW DATA andamento'!$B$57 -> 0.28571429 | H58: =COUNTIFS(H3:H38,"> 66", H3:H38,"< 72")+COUNTIF(H3:H38,"=66") -> 9 | I58: =H58/'RAW DATA andamento'!$B$57 -> 0.25714286 | J58: =COUNTIFS(J3:J38,"> 66", J3:J38,"< 72")+COUNTIF(J3:J38,"=66") -> 9 | K58: =J58/'RAW DATA andamento'!$B$57 -> 0.25714286 | L58: =COUNTIFS(L3:L38,"> 66", L3:L38,"< 72")+COUNTIF(L3:L38,"=66") -> 11 | M58: =L58/'RAW DATA andamento'!$B$57 -> 0.31428571 | N58: =COUNTIFS(N3:N38,"> 66", N3:N38,"< 72")+COUNTIF(N3:N38,"=66") -> 4 | O58: =N58/'RAW DATA andamento'!$B$57 -> 0.11428571 | P58: =COUNTIFS(P3:P38,"> 66", P3:P38,"< 72")+COUNTIF(P3:P38,"=66") -> 11 | Q58: =P58/'RAW DATA andamento'!$B$57 -> 0.31428571 | R58: =COUNTIFS(R3:R38,"> 66", R3:R38,"< 72")+COUNTIF(R3:R38,"=66") -> 13 | S58: =R58/'RAW DATA andamento'!$B$57 -> 0.37142857 | T58: =COUNTIFS(T3:T38,"> 66", T3:T38,"< 72")+COUNTIF(T3:T38,"=66") -> 10 | U58: =T58/'RAW DATA andamento'!$B$57 -> 0.28571429
A59: Fascia 2 Gol | B59: =COUNTIFS(B3:B38,"> 72", B3:B38,"< 78")+COUNTIF(B3:B38,"=72") -> 8 | C59: =B59/'RAW DATA andamento'!$B$57 -> 0.22857143 | D59: =COUNTIFS(D3:D38,"> 72", D3:D38,"< 78")+COUNTIF(D3:D38,"=72") -> 11 | E59: =D59/'RAW DATA andamento'!$B$57 -> 0.31428571 | F59: =COUNTIFS(F3:F38,"> 72", F3:F38,"< 78")+COUNTIF(F3:F38,"=72") -> 12 | G59: =F59/'RAW DATA andamento'!$B$57 -> 0.34285714 | H59: =COUNTIFS(H3:H38,"> 72", H3:H38,"< 78")+COUNTIF(H3:H38,"=72") -> 13 | I59: =H59/'RAW DATA andamento'!$B$57 -> 0.37142857 | J59: =COUNTIFS(J3:J38,"> 72", J3:J38,"< 78")+COUNTIF(J3:J38,"=72") -> 9 | K59: =J59/'RAW DATA andamento'!$B$57 -> 0.25714286 | L59: =COUNTIFS(L3:L38,"> 72", L3:L38,"< 78")+COUNTIF(L3:L38,"=72") -> 14 | M59: =L59/'RAW DATA andamento'!$B$57 -> 0.4 | N59: =COUNTIFS(N3:N38,"> 72", N3:N38,"< 78")+COUNTIF(N3:N38,"=72") -> 14 | O59: =N59/'RAW DATA andamento'!$B$57 -> 0.4 | P59: =COUNTIFS(P3:P38,"> 72", P3:P38,"< 78")+COUNTIF(P3:P38,"=72") -> 9 | Q59: =P59/'RAW DATA andamento'!$B$57 -> 0.25714286 | R59: =COUNTIFS(R3:R38,"> 72", R3:R38,"< 78")+COUNTIF(R3:R38,"=72") -> 10 | S59: =R59/'RAW DATA andamento'!$B$57 -> 0.28571429 | T59: =COUNTIFS(T3:T38,"> 72", T3:T38,"< 78")+COUNTIF(T3:T38,"=72") -> 14 | U59: =T59/'RAW DATA andamento'!$B$57 -> 0.4
A60: Fascia 3 Gol | B60: =COUNTIFS(B3:B38,"> 78", B3:B38,"< 84")+COUNTIF(B3:B38,"=78") -> 9 | C60: =B60/'RAW DATA andamento'!$B$57 -> 0.25714286 | D60: =COUNTIFS(D3:D38,"> 78", D3:D38,"< 84")+COUNTIF(D3:D38,"=78") -> 11 | E60: =D60/'RAW DATA andamento'!$B$57 -> 0.31428571 | F60: =COUNTIFS(F3:F38,"> 78", F3:F38,"< 84")+COUNTIF(F3:F38,"=78") -> 8 | G60: =F60/'RAW DATA andamento'!$B$57 -> 0.22857143 | H60: =COUNTIFS(H3:H38,"> 78", H3:H38,"< 84")+COUNTIF(H3:H38,"=78") -> 5 | I60: =H60/'RAW DATA andamento'!$B$57 -> 0.14285714 | J60: =COUNTIFS(J3:J38,"> 78", J3:J38,"< 84")+COUNTIF(J3:J38,"=78") -> 11 | K60: =J60/'RAW DATA andamento'!$B$57 -> 0.31428571 | L60: =COUNTIFS(L3:L38,"> 78", L3:L38,"< 84")+COUNTIF(L3:L38,"=78") -> 4 | M60: =L60/'RAW DATA andamento'!$B$57 -> 0.11428571 | N60: =COUNTIFS(N3:N38,"> 78", N3:N38,"< 84")+COUNTIF(N3:N38,"=78") -> 5 | O60: =N60/'RAW DATA andamento'!$B$57 -> 0.14285714 | P60: =COUNTIFS(P3:P38,"> 78", P3:P38,"< 84")+COUNTIF(P3:P38,"=78") -> 6 | Q60: =P60/'RAW DATA andamento'!$B$57 -> 0.17142857 | R60: =COUNTIFS(R3:R38,"> 78", R3:R38,"< 84")+COUNTIF(R3:R38,"=78") -> 5 | S60: =R60/'RAW DATA andamento'!$B$57 -> 0.14285714 | T60: =COUNTIFS(T3:T38,"> 78", T3:T38,"< 84")+COUNTIF(T3:T38,"=78") -> 5 | U60: =T60/'RAW DATA andamento'!$B$57 -> 0.14285714
A61: Fascia 4 Gol | B61: =COUNTIFS(B3:B38,"> 84", B3:B38,"< 90")+COUNTIF(B3:B38,"=84") -> 0 | C61: =B61/'RAW DATA andamento'!$B$57 -> 0 | D61: =COUNTIFS(D3:D38,"> 84", D3:D38,"< 90")+COUNTIF(D3:D38,"=84") -> 2 | E61: =D61/'RAW DATA andamento'!$B$57 -> 0.057142857 | F61: =COUNTIFS(F3:F38,"> 84", F3:F38,"< 90")+COUNTIF(F3:F38,"=84") -> 3 | G61: =F61/'RAW DATA andamento'!$B$57 -> 0.085714286 | H61: =COUNTIFS(H3:H38,"> 84", H3:H38,"< 90")+COUNTIF(H3:H38,"=84") -> 1 | I61: =H61/'RAW DATA andamento'!$B$57 -> 0.028571429 | J61: =COUNTIFS(J3:J38,"> 84", J3:J38,"< 90")+COUNTIF(J3:J38,"=84") -> 5 | K61: =J61/'RAW DATA andamento'!$B$57 -> 0.14285714 | L61: =COUNTIFS(L3:L38,"> 84", L3:L38,"< 90")+COUNTIF(L3:L38,"=84") -> 0 | M61: =L61/'RAW DATA andamento'!$B$57 -> 0 | N61: =COUNTIFS(N3:N38,"> 84", N3:N38,"< 90")+COUNTIF(N3:N38,"=84") -> 5 | O61: =N61/'RAW DATA andamento'!$B$57 -> 0.14285714 | P61: =COUNTIFS(P3:P38,"> 84", P3:P38,"< 90")+COUNTIF(P3:P38,"=84") -> 3 | Q61: =P61/'RAW DATA andamento'!$B$57 -> 0.085714286 | R61: =COUNTIFS(R3:R38,"> 84", R3:R38,"< 90")+COUNTIF(R3:R38,"=84") -> 1 | S61: =R61/'RAW DATA andamento'!$B$57 -> 0.028571429 | T61: =COUNTIFS(T3:T38,"> 84", T3:T38,"< 90")+COUNTIF(T3:T38,"=84") -> 3 | U61: =T61/'RAW DATA andamento'!$B$57 -> 0.085714286
A62: Fascia 5 Gol | B62: =COUNTIFS(B3:B38,"> 90", B3:B38,"< 96")+COUNTIF(B3:B38,"=90") -> 0 | C62: =B62/'RAW DATA andamento'!$B$57 -> 0 | D62: =COUNTIFS(D3:D38,"> 90", D3:D38,"< 96")+COUNTIF(D3:D38,"=90") -> 0 | E62: =D62/'RAW DATA andamento'!$B$57 -> 0 | F62: =COUNTIFS(F3:F38,"> 90", F3:F38,"< 96")+COUNTIF(F3:F38,"=90") -> 0 | G62: =F62/'RAW DATA andamento'!$B$57 -> 0 | H62: =COUNTIFS(H3:H38,"> 90", H3:H38,"< 96")+COUNTIF(H3:H38,"=90") -> 0 | I62: =H62/'RAW DATA andamento'!$B$57 -> 0 | J62: =COUNTIFS(J3:J38,"> 90", J3:J38,"< 96")+COUNTIF(J3:J38,"=90") -> 0 | K62: =J62/'RAW DATA andamento'!$B$57 -> 0 | L62: =COUNTIFS(L3:L38,"> 90", L3:L38,"< 96")+COUNTIF(L3:L38,"=90") -> 1 | M62: =L62/'RAW DATA andamento'!$B$57 -> 0.028571429 | N62: =COUNTIFS(N3:N38,"> 90", N3:N38,"< 96")+COUNTIF(N3:N38,"=90") -> 0 | O62: =N62/'RAW DATA andamento'!$B$57 -> 0 | P62: =COUNTIFS(P3:P38,"> 90", P3:P38,"< 96")+COUNTIF(P3:P38,"=90") -> 1 | Q62: =P62/'RAW DATA andamento'!$B$57 -> 0.028571429 | R62: =COUNTIFS(R3:R38,"> 90", R3:R38,"< 96")+COUNTIF(R3:R38,"=90") -> 2 | S62: =R62/'RAW DATA andamento'!$B$57 -> 0.057142857 | T62: =COUNTIFS(T3:T38,"> 90", T3:T38,"< 96")+COUNTIF(T3:T38,"=90") -> 1 | U62: =T62/'RAW DATA andamento'!$B$57 -> 0.028571429
A63: Fascia 6 Gol | B63: =COUNTIFS(B3:B38,"> 96", B3:B38,"< 102")+COUNTIF(B3:B38,"=96") -> 0 | C63: =B63/'RAW DATA andamento'!$B$57 -> 0 | D63: =COUNTIFS(D3:D38,"> 96", D3:D38,"< 102")+COUNTIF(D3:D38,"=96") -> 0 | E63: =D63/'RAW DATA andamento'!$B$57 -> 0 | F63: =COUNTIFS(F3:F38,"> 96", F3:F38,"< 102")+COUNTIF(F3:F38,"=96") -> 0 | G63: =F63/'RAW DATA andamento'!$B$57 -> 0 | H63: =COUNTIFS(H3:H38,"> 96", H3:H38,"< 102")+COUNTIF(H3:H38,"=96") -> 0 | I63: =H63/'RAW DATA andamento'!$B$57 -> 0 | J63: =COUNTIFS(J3:J38,"> 96", J3:J38,"< 102")+COUNTIF(J3:J38,"=96") -> 0 | K63: =J63/'RAW DATA andamento'!$B$57 -> 0 | L63: =COUNTIFS(L3:L38,"> 96", L3:L38,"< 102")+COUNTIF(L3:L38,"=96") -> 0 | M63: =L63/'RAW DATA andamento'!$B$57 -> 0 | N63: =COUNTIFS(N3:N38,"> 96", N3:N38,"< 102")+COUNTIF(N3:N38,"=96") -> 0 | O63: =N63/'RAW DATA andamento'!$B$57 -> 0 | P63: =COUNTIFS(P3:P38,"> 96", P3:P38,"< 102")+COUNTIF(P3:P38,"=96") -> 0 | Q63: =P63/'RAW DATA andamento'!$B$57 -> 0 | R63: =COUNTIFS(R3:R38,"> 96", R3:R38,"< 102")+COUNTIF(R3:R38,"=96") -> 0 | S63: =R63/'RAW DATA andamento'!$B$57 -> 0 | T63: =COUNTIFS(T3:T38,"> 96", T3:T38,"< 102")+COUNTIF(T3:T38,"=96") -> 0 | U63: =T63/'RAW DATA andamento'!$B$57 -> 0
A64: Fascia 7 Gol | B64: =COUNTIFS(B3:B38,"> 102", B3:B38,"< 108")+COUNTIF(B3:B38,"=102") -> 0 | C64: =B64/'RAW DATA andamento'!$B$57 -> 0 | D64: =COUNTIFS(D3:D38,"> 102", D3:D38,"< 108")+COUNTIF(D3:D38,"=102") -> 0 | E64: =D64/'RAW DATA andamento'!$B$57 -> 0 | F64: =COUNTIFS(F3:F38,"> 102", F3:F38,"< 108")+COUNTIF(F3:F38,"=102") -> 0 | G64: =F64/'RAW DATA andamento'!$B$57 -> 0 | H64: =COUNTIFS(H3:H38,"> 102", H3:H38,"< 108")+COUNTIF(H3:H38,"=102") -> 0 | I64: =H64/'RAW DATA andamento'!$B$57 -> 0 | J64: =COUNTIFS(J3:J38,"> 102", J3:J38,"< 108")+COUNTIF(J3:J38,"=102") -> 0 | K64: =J64/'RAW DATA andamento'!$B$57 -> 0 | L64: =COUNTIFS(L3:L38,"> 102", L3:L38,"< 108")+COUNTIF(L3:L38,"=102") -> 0 | M64: =L64/'RAW DATA andamento'!$B$57 -> 0 | N64: =COUNTIFS(N3:N38,"> 102", N3:N38,"< 108")+COUNTIF(N3:N38,"=102") -> 0 | O64: =N64/'RAW DATA andamento'!$B$57 -> 0 | P64: =COUNTIFS(P3:P38,"> 102", P3:P38,"< 108")+COUNTIF(P3:P38,"=102") -> 0 | Q64: =P64/'RAW DATA andamento'!$B$57 -> 0 | R64: =COUNTIFS(R3:R38,"> 102", R3:R38,"< 108")+COUNTIF(R3:R38,"=102") -> 0 | S64: =R64/'RAW DATA andamento'!$B$57 -> 0 | T64: =COUNTIFS(T3:T38,"> 102", T3:T38,"< 108")+COUNTIF(T3:T38,"=102") -> 0 | U64: =T64/'RAW DATA andamento'!$B$57 -> 0
A66: Fascia 0 Gol Avv. | B66: =COUNTIF('Tutti vs Tutti e Punti contro'!O3:O38,"<66") -> 8 | C66: =B66/'RAW DATA andamento'!$B$57 -> 0.22857143 | D66: =COUNTIF('Tutti vs Tutti e Punti contro'!P3:P38,"<66") -> 2 | E66: =D66/'RAW DATA andamento'!$B$57 -> 0.057142857 | F66: =COUNTIF('Tutti vs Tutti e Punti contro'!Q3:Q38,"<66") -> 6 | G66: =F66/'RAW DATA andamento'!$B$57 -> 0.17142857 | H66: =COUNTIF('Tutti vs Tutti e Punti contro'!R3:R38,"<66") -> 5 | I66: =H66/'RAW DATA andamento'!$B$57 -> 0.14285714 | J66: =COUNTIF('Tutti vs Tutti e Punti contro'!S3:S38,"<66") -> 3 | K66: =J66/'RAW DATA andamento'!$B$57 -> 0.085714286 | L66: =COUNTIF('Tutti vs Tutti e Punti contro'!T3:T38,"<66") -> 6 | M66: =L66/'RAW DATA andamento'!$B$57 -> 0.17142857 | N66: =COUNTIF('Tutti vs Tutti e Punti contro'!U3:U38,"<66") -> 1 | O66: =N66/'RAW DATA andamento'!$B$57 -> 0.028571429 | P66: =COUNTIF('Tutti vs Tutti e Punti contro'!V3:V38,"<66") -> 1 | Q66: =P66/'RAW DATA andamento'!$B$57 -> 0.028571429 | R66: =COUNTIF('Tutti vs Tutti e Punti contro'!W3:W38,"<66") -> 4 | S66: =R66/'RAW DATA andamento'!$B$57 -> 0.11428571 | T66: =COUNTIF('Tutti vs Tutti e Punti contro'!X3:X38,"<66") -> 7 | U66: =T66/'RAW DATA andamento'!$B$57 -> 0.2
A67: Fascia 1 Gol Avv. | B67: =COUNTIFS('Tutti vs Tutti e Punti contro'!O3:O38,"> 66", 'Tutti vs Tutti e Punti contro'!O3:O38,"< 72")+COUNTIF('Tutti vs Tutti e Punti contro'!O3:O38,"=66") -> 4 | C67: =B67/'RAW DATA andamento'!$B$57 -> 0.11428571 | D67: =COUNTIFS('Tutti vs Tutti e Punti contro'!P3:P38,"> 66", 'Tutti vs Tutti e Punti contro'!P3:P38,"< 72")+COUNTIF('Tutti vs Tutti e Punti contro'!P3:P38,"=66") -> 14 | E67: =D67/'RAW DATA andamento'!$B$57 -> 0.4 | F67: =COUNTIFS('Tutti vs Tutti e Punti contro'!Q3:Q38,"> 66", 'Tutti vs Tutti e Punti contro'!Q3:Q38,"< 72")+COUNTIF('Tutti vs Tutti e Punti contro'!Q3:Q38,"=66") -> 12 | G67: =F67/'RAW DATA andamento'!$B$57 -> 0.34285714 | H67: =COUNTIFS('Tutti vs Tutti e Punti contro'!R3:R38,"> 66", 'Tutti vs Tutti e Punti contro'!R3:R38,"< 72")+COUNTIF('Tutti vs Tutti e Punti contro'!R3:R38,"=66") -> 10 | I67: =H67/'RAW DATA andamento'!$B$57 -> 0.28571429 | J67: =COUNTIFS('Tutti vs Tutti e Punti contro'!S3:S38,"> 66", 'Tutti vs Tutti e Punti contro'!S3:S38,"< 72")+COUNTIF('Tutti vs Tutti e Punti contro'!S3:S38,"=66") -> 13 | K67: =J67/'RAW DATA andamento'!$B$57 -> 0.37142857 | L67: =COUNTIFS('Tutti vs Tutti e Punti contro'!T3:T38,"> 66", 'Tutti vs Tutti e Punti contro'!T3:T38,"< 72")+COUNTIF('Tutti vs Tutti e Punti contro'!T3:T38,"=66") -> 4 | M67: =L67/'RAW DATA andamento'!$B$57 -> 0.11428571 | N67: =COUNTIFS('Tutti vs Tutti e Punti contro'!U3:U38,"> 66", 'Tutti vs Tutti e Punti contro'!U3:U38,"< 72")+COUNTIF('Tutti vs Tutti e Punti contro'!U3:U38,"=66") -> 14 | O67: =N67/'RAW DATA andamento'!$B$57 -> 0.4 | P67: =COUNTIFS('Tutti vs Tutti e Punti contro'!V3:V38,"> 66", 'Tutti vs Tutti e Punti contro'!V3:V38,"< 72")+COUNTIF('Tutti vs Tutti e Punti contro'!V3:V38,"=66") -> 7 | Q67: =P67/'RAW DATA andamento'!$B$57 -> 0.2 | R67: =COUNTIFS('Tutti vs Tutti e Punti contro'!W3:W38,"> 66", 'Tutti vs Tutti e Punti contro'!W3:W38,"< 72")+COUNTIF('Tutti vs Tutti e Punti contro'!W3:W38,"=66") -> 8 | S67: =R67/'RAW DATA andamento'!$B$57 -> 0.22857143 | T67: =COUNTIFS('Tutti vs Tutti e Punti contro'!X3:X38,"> 66", 'Tutti vs Tutti e Punti contro'!X3:X38,"< 72")+COUNTIF('Tutti vs Tutti e Punti contro'!X3:X38,"=66") -> 10 | U67: =T67/'RAW DATA andamento'!$B$57 -> 0.28571429
A68: Fascia 2 Gol Avv. | B68: =COUNTIFS('Tutti vs Tutti e Punti contro'!O3:O38,"> 72", 'Tutti vs Tutti e Punti contro'!O3:O38,"< 78")+COUNTIF('Tutti vs Tutti e Punti contro'!O3:O38,"=72") -> 16 | C68: =B68/'RAW DATA andamento'!$B$57 -> 0.45714286 | D68: =COUNTIFS('Tutti vs Tutti e Punti contro'!P3:P38,"> 72", 'Tutti vs Tutti e Punti contro'!P3:P38,"< 78")+COUNTIF('Tutti vs Tutti e Punti contro'!P3:P38,"=72") -> 14 | E68: =D68/'RAW DATA andamento'!$B$57 -> 0.4 | F68: =COUNTIFS('Tutti vs Tutti e Punti contro'!Q3:Q38,"> 72", 'Tutti vs Tutti e Punti contro'!Q3:Q38,"< 78")+COUNTIF('Tutti vs Tutti e Punti contro'!Q3:Q38,"=72") -> 9 | G68: =F68/'RAW DATA andamento'!$B$57 -> 0.25714286 | H68: =COUNTIFS('Tutti vs Tutti e Punti contro'!R3:R38,"> 72", 'Tutti vs Tutti e Punti contro'!R3:R38,"< 78")+COUNTIF('Tutti vs Tutti e Punti contro'!R3:R38,"=72") -> 10 | I68: =H68/'RAW DATA andamento'!$B$57 -> 0.28571429 | J68: =COUNTIFS('Tutti vs Tutti e Punti contro'!S3:S38,"> 72", 'Tutti vs Tutti e Punti contro'!S3:S38,"< 78")+COUNTIF('Tutti vs Tutti e Punti contro'!S3:S38,"=72") -> 7 | K68: =J68/'RAW DATA andamento'!$B$57 -> 0.2 | L68: =COUNTIFS('Tutti vs Tutti e Punti contro'!T3:T38,"> 72", 'Tutti vs Tutti e Punti contro'!T3:T38,"< 78")+COUNTIF('Tutti vs Tutti e Punti contro'!T3:T38,"=72") -> 14 | M68: =L68/'RAW DATA andamento'!$B$57 -> 0.4 | N68: =COUNTIFS('Tutti vs Tutti e Punti contro'!U3:U38,"> 72", 'Tutti vs Tutti e Punti contro'!U3:U38,"< 78")+COUNTIF('Tutti vs Tutti e Punti contro'!U3:U38,"=72") -> 10 | O68: =N68/'RAW DATA andamento'!$B$57 -> 0.28571429 | P68: =COUNTIFS('Tutti vs Tutti e Punti contro'!V3:V38,"> 72", 'Tutti vs Tutti e Punti contro'!V3:V38,"< 78")+COUNTIF('Tutti vs Tutti e Punti contro'!V3:V38,"=72") -> 13 | Q68: =P68/'RAW DATA andamento'!$B$57 -> 0.37142857 | R68: =COUNTIFS('Tutti vs Tutti e Punti contro'!W3:W38,"> 72", 'Tutti vs Tutti e Punti contro'!W3:W38,"< 78")+COUNTIF('Tutti vs Tutti e Punti contro'!W3:W38,"=72") -> 12 | S68: =R68/'RAW DATA andamento'!$B$57 -> 0.34285714 | T68: =COUNTIFS('Tutti vs Tutti e Punti contro'!X3:X38,"> 72", 'Tutti vs Tutti e Punti contro'!X3:X38,"< 78")+COUNTIF('Tutti vs Tutti e Punti contro'!X3:X38,"=72") -> 9 | U68: =T68/'RAW DATA andamento'!$B$57 -> 0.25714286
A69: Fascia 3 Gol Avv. | B69: =COUNTIFS('Tutti vs Tutti e Punti contro'!O3:O38,"> 78", 'Tutti vs Tutti e Punti contro'!O3:O38,"< 84")+COUNTIF('Tutti vs Tutti e Punti contro'!O3:O38,"=78") -> 7 | C69: =B69/'RAW DATA andamento'!$B$57 -> 0.2 | D69: =COUNTIFS('Tutti vs Tutti e Punti contro'!P3:P38,"> 78", 'Tutti vs Tutti e Punti contro'!P3:P38,"< 84")+COUNTIF('Tutti vs Tutti e Punti contro'!P3:P38,"=78") -> 3 | E69: =D69/'RAW DATA andamento'!$B$57 -> 0.085714286 | F69: =COUNTIFS('Tutti vs Tutti e Punti contro'!Q3:Q38,"> 78", 'Tutti vs Tutti e Punti contro'!Q3:Q38,"< 84")+COUNTIF('Tutti vs Tutti e Punti contro'!Q3:Q38,"=78") -> 4 | G69: =F69/'RAW DATA andamento'!$B$57 -> 0.11428571 | H69: =COUNTIFS('Tutti vs Tutti e Punti contro'!R3:R38,"> 78", 'Tutti vs Tutti e Punti contro'!R3:R38,"< 84")+COUNTIF('Tutti vs Tutti e Punti contro'!R3:R38,"=78") -> 7 | I69: =H69/'RAW DATA andamento'!$B$57 -> 0.2 | J69: =COUNTIFS('Tutti vs Tutti e Punti contro'!S3:S38,"> 78", 'Tutti vs Tutti e Punti contro'!S3:S38,"< 84")+COUNTIF('Tutti vs Tutti e Punti contro'!S3:S38,"=78") -> 5 | K69: =J69/'RAW DATA andamento'!$B$57 -> 0.14285714 | L69: =COUNTIFS('Tutti vs Tutti e Punti contro'!T3:T38,"> 78", 'Tutti vs Tutti e Punti contro'!T3:T38,"< 84")+COUNTIF('Tutti vs Tutti e Punti contro'!T3:T38,"=78") -> 7 | M69: =L69/'RAW DATA andamento'!$B$57 -> 0.2 | N69: =COUNTIFS('Tutti vs Tutti e Punti contro'!U3:U38,"> 78", 'Tutti vs Tutti e Punti contro'!U3:U38,"< 84")+COUNTIF('Tutti vs Tutti e Punti contro'!U3:U38,"=78") -> 9 | O69: =N69/'RAW DATA andamento'!$B$57 -> 0.25714286 | P69: =COUNTIFS('Tutti vs Tutti e Punti contro'!V3:V38,"> 78", 'Tutti vs Tutti e Punti contro'!V3:V38,"< 84")+COUNTIF('Tutti vs Tutti e Punti contro'!V3:V38,"=78") -> 12 | Q69: =P69/'RAW DATA andamento'!$B$57 -> 0.34285714 | R69: =COUNTIFS('Tutti vs Tutti e Punti contro'!W3:W38,"> 78", 'Tutti vs Tutti e Punti contro'!W3:W38,"< 84")+COUNTIF('Tutti vs Tutti e Punti contro'!W3:W38,"=78") -> 8 | S69: =R69/'RAW DATA andamento'!$B$57 -> 0.22857143 | T69: =COUNTIFS('Tutti vs Tutti e Punti contro'!X3:X38,"> 78", 'Tutti vs Tutti e Punti contro'!X3:X38,"< 84")+COUNTIF('Tutti vs Tutti e Punti contro'!X3:X38,"=78") -> 7 | U69: =T69/'RAW DATA andamento'!$B$57 -> 0.2
A70: Fascia 4 Gol Avv. | B70: =COUNTIFS('Tutti vs Tutti e Punti contro'!O3:O38,"> 84", 'Tutti vs Tutti e Punti contro'!O3:O38,"< 90")+COUNTIF('Tutti vs Tutti e Punti contro'!O3:O38,"=84") -> 0 | C70: =B70/'RAW DATA andamento'!$B$57 -> 0 | D70: =COUNTIFS('Tutti vs Tutti e Punti contro'!P3:P38,"> 84", 'Tutti vs Tutti e Punti contro'!P3:P38,"< 90")+COUNTIF('Tutti vs Tutti e Punti contro'!P3:P38,"=84") -> 2 | E70: =D70/'RAW DATA andamento'!$B$57 -> 0.057142857 | F70: =COUNTIFS('Tutti vs Tutti e Punti contro'!Q3:Q38,"> 84", 'Tutti vs Tutti e Punti contro'!Q3:Q38,"< 90")+COUNTIF('Tutti vs Tutti e Punti contro'!Q3:Q38,"=84") -> 4 | G70: =F70/'RAW DATA andamento'!$B$57 -> 0.11428571 | H70: =COUNTIFS('Tutti vs Tutti e Punti contro'!R3:R38,"> 84", 'Tutti vs Tutti e Punti contro'!R3:R38,"< 90")+COUNTIF('Tutti vs Tutti e Punti contro'!R3:R38,"=84") -> 3 | I70: =H70/'RAW DATA andamento'!$B$57 -> 0.085714286 | J70: =COUNTIFS('Tutti vs Tutti e Punti contro'!S3:S38,"> 84", 'Tutti vs Tutti e Punti contro'!S3:S38,"< 90")+COUNTIF('Tutti vs Tutti e Punti contro'!S3:S38,"=84") -> 4 | K70: =J70/'RAW DATA andamento'!$B$57 -> 0.11428571 | L70: =COUNTIFS('Tutti vs Tutti e Punti contro'!T3:T38,"> 84", 'Tutti vs Tutti e Punti contro'!T3:T38,"< 90")+COUNTIF('Tutti vs Tutti e Punti contro'!T3:T38,"=84") -> 3 | M70: =L70/'RAW DATA andamento'!$B$57 -> 0.085714286 | N70: =COUNTIFS('Tutti vs Tutti e Punti contro'!U3:U38,"> 84", 'Tutti vs Tutti e Punti contro'!U3:U38,"< 90")+COUNTIF('Tutti vs Tutti e Punti contro'!U3:U38,"=84") -> 1 | O70: =N70/'RAW DATA andamento'!$B$57 -> 0.028571429 | P70: =COUNTIFS('Tutti vs Tutti e Punti contro'!V3:V38,"> 84", 'Tutti vs Tutti e Punti contro'!V3:V38,"< 90")+COUNTIF('Tutti vs Tutti e Punti contro'!V3:V38,"=84") -> 2 | Q70: =P70/'RAW DATA andamento'!$B$57 -> 0.057142857 | R70: =COUNTIFS('Tutti vs Tutti e Punti contro'!W3:W38,"> 84", 'Tutti vs Tutti e Punti contro'!W3:W38,"< 90")+COUNTIF('Tutti vs Tutti e Punti contro'!W3:W38,"=84") -> 3 | S70: =R70/'RAW DATA andamento'!$B$57 -> 0.085714286 | T70: =COUNTIFS('Tutti vs Tutti e Punti contro'!X3:X38,"> 84", 'Tutti vs Tutti e Punti contro'!X3:X38,"< 90")+COUNTIF('Tutti vs Tutti e Punti contro'!X3:X38,"=84") -> 1 | U70: =T70/'RAW DATA andamento'!$B$57 -> 0.028571429
A71: Fascia 5 Gol Avv. | B71: =COUNTIFS('Tutti vs Tutti e Punti contro'!O3:O38,"> 90", 'Tutti vs Tutti e Punti contro'!O3:O38,"< 96")+COUNTIF('Tutti vs Tutti e Punti contro'!O3:O38,"=90") -> 0 | C71: =B71/'RAW DATA andamento'!$B$57 -> 0 | D71: =COUNTIFS('Tutti vs Tutti e Punti contro'!P3:P38,"> 90", 'Tutti vs Tutti e Punti contro'!P3:P38,"< 96")+COUNTIF('Tutti vs Tutti e Punti contro'!P3:P38,"=90") -> 0 | E71: =D71/'RAW DATA andamento'!$B$57 -> 0 | F71: =COUNTIFS('Tutti vs Tutti e Punti contro'!Q3:Q38,"> 90", 'Tutti vs Tutti e Punti contro'!Q3:Q38,"< 96")+COUNTIF('Tutti vs Tutti e Punti contro'!Q3:Q38,"=90") -> 0 | G71: =F71/'RAW DATA andamento'!$B$57 -> 0 | H71: =COUNTIFS('Tutti vs Tutti e Punti contro'!R3:R38,"> 90", 'Tutti vs Tutti e Punti contro'!R3:R38,"< 96")+COUNTIF('Tutti vs Tutti e Punti contro'!R3:R38,"=90") -> 0 | I71: =H71/'RAW DATA andamento'!$B$57 -> 0 | J71: =COUNTIFS('Tutti vs Tutti e Punti contro'!S3:S38,"> 90", 'Tutti vs Tutti e Punti contro'!S3:S38,"< 96")+COUNTIF('Tutti vs Tutti e Punti contro'!S3:S38,"=90") -> 3 | K71: =J71/'RAW DATA andamento'!$B$57 -> 0.085714286 | L71: =COUNTIFS('Tutti vs Tutti e Punti contro'!T3:T38,"> 90", 'Tutti vs Tutti e Punti contro'!T3:T38,"< 96")+COUNTIF('Tutti vs Tutti e Punti contro'!T3:T38,"=90") -> 1 | M71: =L71/'RAW DATA andamento'!$B$57 -> 0.028571429 | N71: =COUNTIFS('Tutti vs Tutti e Punti contro'!U3:U38,"> 90", 'Tutti vs Tutti e Punti contro'!U3:U38,"< 96")+COUNTIF('Tutti vs Tutti e Punti contro'!U3:U38,"=90") -> 0 | O71: =N71/'RAW DATA andamento'!$B$57 -> 0 | P71: =COUNTIFS('Tutti vs Tutti e Punti contro'!V3:V38,"> 90", 'Tutti vs Tutti e Punti contro'!V3:V38,"< 96")+COUNTIF('Tutti vs Tutti e Punti contro'!V3:V38,"=90") -> 0 | Q71: =P71/'RAW DATA andamento'!$B$57 -> 0 | R71: =COUNTIFS('Tutti vs Tutti e Punti contro'!W3:W38,"> 90", 'Tutti vs Tutti e Punti contro'!W3:W38,"< 96")+COUNTIF('Tutti vs Tutti e Punti contro'!W3:W38,"=90") -> 0 | S71: =R71/'RAW DATA andamento'!$B$57 -> 0 | T71: =COUNTIFS('Tutti vs Tutti e Punti contro'!X3:X38,"> 90", 'Tutti vs Tutti e Punti contro'!X3:X38,"< 96")+COUNTIF('Tutti vs Tutti e Punti contro'!X3:X38,"=90") -> 1 | U71: =T71/'RAW DATA andamento'!$B$57 -> 0.028571429
A72: Fascia 6 Gol Avv. | B72: =COUNTIFS('Tutti vs Tutti e Punti contro'!O3:O38,"> 96", 'Tutti vs Tutti e Punti contro'!O3:O38,"< 102")+COUNTIF('Tutti vs Tutti e Punti contro'!O3:O38,"=96") -> 0 | C72: =B72/'RAW DATA andamento'!$B$57 -> 0 | D72: =COUNTIFS('Tutti vs Tutti e Punti contro'!P3:P38,"> 96", 'Tutti vs Tutti e Punti contro'!P3:P38,"< 102")+COUNTIF('Tutti vs Tutti e Punti contro'!P3:P38,"=96") -> 0 | E72: =D72/'RAW DATA andamento'!$B$57 -> 0 | F72: =COUNTIFS('Tutti vs Tutti e Punti contro'!Q3:Q38,"> 96", 'Tutti vs Tutti e Punti contro'!Q3:Q38,"< 102")+COUNTIF('Tutti vs Tutti e Punti contro'!Q3:Q38,"=96") -> 0 | G72: =F72/'RAW DATA andamento'!$B$57 -> 0 | H72: =COUNTIFS('Tutti vs Tutti e Punti contro'!R3:R38,"> 96", 'Tutti vs Tutti e Punti contro'!R3:R38,"< 102")+COUNTIF('Tutti vs Tutti e Punti contro'!R3:R38,"=96") -> 0 | I72: =H72/'RAW DATA andamento'!$B$57 -> 0 | J72: =COUNTIFS('Tutti vs Tutti e Punti contro'!S3:S38,"> 96", 'Tutti vs Tutti e Punti contro'!S3:S38,"< 102")+COUNTIF('Tutti vs Tutti e Punti contro'!S3:S38,"=96") -> 0 | K72: =J72/'RAW DATA andamento'!$B$57 -> 0 | L72: =COUNTIFS('Tutti vs Tutti e Punti contro'!T3:T38,"> 96", 'Tutti vs Tutti e Punti contro'!T3:T38,"< 102")+COUNTIF('Tutti vs Tutti e Punti contro'!T3:T38,"=96") -> 0 | M72: =L72/'RAW DATA andamento'!$B$57 -> 0 | N72: =COUNTIFS('Tutti vs Tutti e Punti contro'!U3:U38,"> 96", 'Tutti vs Tutti e Punti contro'!U3:U38,"< 102")+COUNTIF('Tutti vs Tutti e Punti contro'!U3:U38,"=96") -> 0 | O72: =N72/'RAW DATA andamento'!$B$57 -> 0 | P72: =COUNTIFS('Tutti vs Tutti e Punti contro'!V3:V38,"> 96", 'Tutti vs Tutti e Punti contro'!V3:V38,"< 102")+COUNTIF('Tutti vs Tutti e Punti contro'!V3:V38,"=96") -> 0 | Q72: =P72/'RAW DATA andamento'!$B$57 -> 0 | R72: =COUNTIFS('Tutti vs Tutti e Punti contro'!W3:W38,"> 96", 'Tutti vs Tutti e Punti contro'!W3:W38,"< 102")+COUNTIF('Tutti vs Tutti e Punti contro'!W3:W38,"=96") -> 0 | S72: =R72/'RAW DATA andamento'!$B$57 -> 0 | T72: =COUNTIFS('Tutti vs Tutti e Punti contro'!X3:X38,"> 96", 'Tutti vs Tutti e Punti contro'!X3:X38,"< 102")+COUNTIF('Tutti vs Tutti e Punti contro'!X3:X38,"=96") -> 0 | U72: =T72/'RAW DATA andamento'!$B$57 -> 0
A73: Fascia 7 Gol Avv. | B73: =COUNTIFS('Tutti vs Tutti e Punti contro'!O3:O38,"> 102", 'Tutti vs Tutti e Punti contro'!O3:O38,"< 108")+COUNTIF('Tutti vs Tutti e Punti contro'!O3:O38,"=102") -> 0 | C73: =B73/'RAW DATA andamento'!$B$57 -> 0 | D73: =COUNTIFS('Tutti vs Tutti e Punti contro'!P3:P38,"> 102", 'Tutti vs Tutti e Punti contro'!P3:P38,"< 108")+COUNTIF('Tutti vs Tutti e Punti contro'!P3:P38,"=102") -> 0 | E73: =D73/'RAW DATA andamento'!$B$57 -> 0 | F73: =COUNTIFS('Tutti vs Tutti e Punti contro'!Q3:Q38,"> 102", 'Tutti vs Tutti e Punti contro'!Q3:Q38,"< 108")+COUNTIF('Tutti vs Tutti e Punti contro'!Q3:Q38,"=102") -> 0 | G73: =F73/'RAW DATA andamento'!$B$57 -> 0 | H73: =COUNTIFS('Tutti vs Tutti e Punti contro'!R3:R38,"> 102", 'Tutti vs Tutti e Punti contro'!R3:R38,"< 108")+COUNTIF('Tutti vs Tutti e Punti contro'!R3:R38,"=102") -> 0 | I73: =H73/'RAW DATA andamento'!$B$57 -> 0 | J73: =COUNTIFS('Tutti vs Tutti e Punti contro'!S3:S38,"> 102", 'Tutti vs Tutti e Punti contro'!S3:S38,"< 108")+COUNTIF('Tutti vs Tutti e Punti contro'!S3:S38,"=102") -> 0 | K73: =J73/'RAW DATA andamento'!$B$57 -> 0 | L73: =COUNTIFS('Tutti vs Tutti e Punti contro'!T3:T38,"> 102", 'Tutti vs Tutti e Punti contro'!T3:T38,"< 108")+COUNTIF('Tutti vs Tutti e Punti contro'!T3:T38,"=102") -> 0 | M73: =L73/'RAW DATA andamento'!$B$57 -> 0 | N73: =COUNTIFS('Tutti vs Tutti e Punti contro'!U3:U38,"> 102", 'Tutti vs Tutti e Punti contro'!U3:U38,"< 108")+COUNTIF('Tutti vs Tutti e Punti contro'!U3:U38,"=102") -> 0 | O73: =N73/'RAW DATA andamento'!$B$57 -> 0 | P73: =COUNTIFS('Tutti vs Tutti e Punti contro'!V3:V38,"> 102", 'Tutti vs Tutti e Punti contro'!V3:V38,"< 108")+COUNTIF('Tutti vs Tutti e Punti contro'!V3:V38,"=102") -> 0 | Q73: =P73/'RAW DATA andamento'!$B$57 -> 0 | R73: =COUNTIFS('Tutti vs Tutti e Punti contro'!W3:W38,"> 102", 'Tutti vs Tutti e Punti contro'!W3:W38,"< 108")+COUNTIF('Tutti vs Tutti e Punti contro'!W3:W38,"=102") -> 0 | S73: =R73/'RAW DATA andamento'!$B$57 -> 0 | T73: =COUNTIFS('Tutti vs Tutti e Punti contro'!X3:X38,"> 102", 'Tutti vs Tutti e Punti contro'!X3:X38,"< 108")+COUNTIF('Tutti vs Tutti e Punti contro'!X3:X38,"=102") -> 0 | U73: =T73/'RAW DATA andamento'!$B$57 -> 0
A75: Record dal 2016-2017
A76: Fantapunti Partita | B76: 93.5 | D76: 98.5 | F76: 94.5 | H76: 99.5 | J76: 100.5 | L76: 102 | N76: 99.5 | P76: 94.5 | R76: 100 | T76: 102
A77: Vittorie Di Fila | B77: 5 | D77: 9 | F77: 6 | H77: 6 | J77: 5 | L77: 6 | N77: 6 | P77: 7 | R77: 5 | T77: 6
A78: Partite Utili Di Fila | B78: 9 | D78: 12 | F78: 13 | H78: 15 | J78: 8 | L78: 7 | N78: 8 | P78: 10 | R78: 7 | T78: 9
A79: Sconfitte Di Fila | B79: 4 | D79: 6 | F79: 6 | H79: 5 | J79: 5 | L79: 6 | N79: 6 | P79: 5 | R79: 5 | T79: 5
A80: Senza Vittoria Di Fila | B80: 13 | D80: 13 | F80: 11 | H80: 8 | J80: 8 | L80: 7 | N80: 11 | P80: 12 | R80: 10 | T80: 10
A81: Più Vittorie Stagione | B81: 18 | D81: 20 | F81: 16 | H81: 16 | J81: 18 | L81: 16 | N81: 17 | P81: 17 | R81: 15 | T81: 18
A82: Meno Vittorie Stagione | B82: 7 | D82: 7 | F82: 9 | H82: 9 | J82: 9 | L82: 9 | N82: 5 | P82: 5 | R82: 9 | T82: 5
A83: Piu Sconfitte Stagione | B83: 15 | D83: 15 | F83: 17 | H83: 18 | J83: 14 | L83: 20 | N83: 15 | P83: 18 | R83: 18 | T83: 18
A84: Meno Sconfitte Stagione | B84: 6 | D84: 9 | F84: 6 | H84: 5 | J84: 10 | L84: 11 | N84: 7 | P84: 6 | R84: 8 | T84: 9
A85: Più Gol Fatti Stagione | B85: 69 | D85: 81 | F85: 75 | H85: 68 | J85: 85 | L85: 63 | N85: 67 | P85: 82 | R85: 77 | T85: 77
A86: Meno Gol Fatti Stagione | B86: 35 | D86: 37 | F86: 44 | H86: 49 | J86: 40 | L86: 42 | N86: 34 | P86: 35 | R86: 33 | T86: 39
A87: Più Gol Subiti Stagione | B87: 64 | D87: 71 | F87: 77 | H87: 67 | J87: 73 | L87: 76 | N87: 68 | P87: 77 | R87: 71 | T87: 68
A88: Meno Gol Subiti Stagione | B88: 39 | D88: 42 | F88: 43 | H88: 34 | J88: 47 | L88: 44 | N88: 35 | P88: 41 | R88: 45 | T88: 46

Sheet Grafici Fantaculo
B95: Classifica con Fantaculo | E95: Classifica Combinata | H95: Classifica Reale | K95: ∆ anno 2024-25 | N95: Classifica Fantapunti | Q95: ∆ anno 2024-25
B96: Manzoteam | C96: =Punteggio!K39 - FantaCulo!R41 -> 58.1067 | E96: Manzoteam | F96: =Punteggio!K39 - FantaCulo!R41 + Punteggio!J46 - Punteggio!J49 -> 58.1067 | H96: Delu Team | I96: =Punteggio!E39 -> 65 | K96: Straw Dogs | L96: =INDEX('Calcolo Delta'!F$3:F$38, MATCH('RAW DATA andamento'!$B$57,'Calcolo Delta'!$A$3:$A$38,0)) -> 2 | N96: Manzoteam | O96: =Punteggio!J39 -> 2667.5 | Q96: Straw Dogs | R96: =INDEX('Calcolo Delta'!F$42:F$77, MATCH('RAW DATA andamento'!$B$57,'Calcolo Delta'!$A$42:$A$77,0)) -> -100
B97: Trofie 'nfoiate | C97: =Punteggio!G39 - FantaCulo!J41 -> 55.1064 | E97: Trofie 'nfoiate | F97: =Punteggio!G39 - FantaCulo!J41 + Punteggio!F46 - Punteggio!F49 -> 53.1064 | H97: Spacca CFC | I97: =Punteggio!U39 -> 60 | K97: Delu Team | L97: =INDEX('Calcolo Delta'!K$3:K$38, MATCH('RAW DATA andamento'!$B$57,'Calcolo Delta'!$A$3:$A$38,0)) -> 17 | N97: Delu Team | O97: =Punteggio!D39 -> 2613.5 | Q97: Delu Team | R97: =INDEX('Calcolo Delta'!K$42:K$77, MATCH('RAW DATA andamento'!$B$57,'Calcolo Delta'!$A$42:$A$77,0)) -> -31.5
B98: Delu Team | C98: =Punteggio!E39 - FantaCulo!F41 -> 52.8842 | E98: RCD Suerte | F98: =Punteggio!O39 - FantaCulo!Z41 + Punteggio!N46 - Punteggio!N49 -> 51.885 | H98: Manzoteam | I98: =Punteggio!K39 -> 56 | K98: Trofie 'nfoiate | L98: =INDEX('Calcolo Delta'!P$3:P$38, MATCH('RAW DATA andamento'!$B$57,'Calcolo Delta'!$A$3:$A$38,0)) -> 20 | N98: Trofie 'nfoiate | O98: =Punteggio!F39 -> 2613 | Q98: Trofie 'nfoiate | R98: =INDEX('Calcolo Delta'!P$42:P$77, MATCH('RAW DATA andamento'!$B$57,'Calcolo Delta'!$A$42:$A$77,0)) -> 97.5
B99: Spacca CFC | C99: =Punteggio!U39 - FantaCulo!AL41 -> 50.5513 | E99: Delu Team | F99: =Punteggio!E39 - FantaCulo!F41 + Punteggio!D46 - Punteggio!D49 -> 51.8842 | H99: Trofie 'nfoiate | I99: =Punteggio!G39 -> 56 | K99: Mambo FC | L99: =INDEX('Calcolo Delta'!U$3:U$38, MATCH('RAW DATA andamento'!$B$57,'Calcolo Delta'!$A$3:$A$38,0)) -> -11 | N99: Spacca CFC | O99: =Punteggio!T39 -> 2608 | Q99: Mambo FC | R99: =INDEX('Calcolo Delta'!U$42:U$77, MATCH('RAW DATA andamento'!$B$57,'Calcolo Delta'!$A$42:$A$77,0)) -> -69
B100: RCD Suerte | C100: =Punteggio!O39 - FantaCulo!Z41 -> 49.885 | E100: Spacca CFC | F100: =Punteggio!U39 - FantaCulo!AL41 +Punteggio!T46 - Punteggio!T49 -> 51.5513 | H100: Straw Dogs | I100: =Punteggio!C39 -> 52 | K100: Manzoteam | L100: =INDEX('Calcolo Delta'!Z$3:Z$38, MATCH('RAW DATA andamento'!$B$57,'Calcolo Delta'!$A$3:$A$38,0)) -> 6 | N100: RCD Suerte | O100: =Punteggio!N39 -> 2584 | Q100: Manzoteam | R100: =INDEX('Calcolo Delta'!Z$42:Z$77, MATCH('RAW DATA andamento'!$B$57,'Calcolo Delta'!$A$42:$A$77,0)) -> 62.5
B101: Patatinaikos | C101: =Punteggio!Q39 - FantaCulo!AD41 -> 45.8854 | E101: Mambo FC | F101: =Punteggio!I39 - FantaCulo!N41 + Punteggio!H46 - Punteggio!H49 -> 43.9961 | H101: RCD Suerte | I101: =Punteggio!O39 -> 50 | K101: Mojito FC | L101: =INDEX('Calcolo Delta'!AE$3:AE$38, MATCH('RAW DATA andamento'!$B$57,'Calcolo Delta'!$A$3:$A$38,0)) -> -8 | N101: Patatinaikos | O101: =Punteggio!P39 -> 2577.5 | Q101: Mojito FC | R101: =INDEX('Calcolo Delta'!AE$42:AE$77, MATCH('RAW DATA andamento'!$B$57,'Calcolo Delta'!$A$42:$A$77,0)) -> -47
B102: Sampmania | C102: =Punteggio!S39 - FantaCulo!AH41 -> 45.1073 | E102: Sampmania | F102: =Punteggio!S39 - FantaCulo!AH41 + Punteggio!R46 - Punteggio!R49 -> 43.1073 | H102: Sampmania | I102: =Punteggio!S39 -> 43 | K102: RCD Suerte | L102: =INDEX('Calcolo Delta'!AJ$3:AJ$38, MATCH('RAW DATA andamento'!$B$57,'Calcolo Delta'!$A$3:$A$38,0)) -> 7 | N102: Sampmania | O102: =Punteggio!R39 -> 2548 | Q102: RCD Suerte | R102: =INDEX('Calcolo Delta'!AJ$42:AJ$77, MATCH('RAW DATA andamento'!$B$57,'Calcolo Delta'!$A$42:$A$77,0)) -> 19.5
B103: Mambo FC | C103: =Punteggio!I39 - FantaCulo!N41 -> 41.9961 | E103: Patatinaikos | F103: =Punteggio!Q39 - FantaCulo!AD41 + Punteggio!P46 - Punteggio!P49 -> 42.8854 | H103: Patatinaikos | I103: =Punteggio!Q39 -> 39 | K103: Patatinaikos | L103: =INDEX('Calcolo Delta'!AO$3:AO$38, MATCH('RAW DATA andamento'!$B$57,'Calcolo Delta'!$A$3:$A$38,0)) -> -19 | N103: Mojito FC | O103: =Punteggio!L39 -> 2542 | Q103: Patatinaikos | R103: =INDEX('Calcolo Delta'!AO$42:AO$77, MATCH('RAW DATA andamento'!$B$57,'Calcolo Delta'!$A$42:$A$77,0)) -> -98.5
B104: Straw Dogs | C104: =Punteggio!C39 - FantaCulo!B41 -> 40.2183 | E104: Mojito FC | F104: =Punteggio!M39 - FantaCulo!V41 + Punteggio!L46 - Punteggio!L49 -> 41.5518 | H104: Mambo FC | I104: =Punteggio!I39 -> 35 | K104: Sampmania | L104: =INDEX('Calcolo Delta'!AT$3:AT$38, MATCH('RAW DATA andamento'!$B$57,'Calcolo Delta'!$A$3:$A$38,0)) -> -8 | N104: Straw Dogs | O104: =Punteggio!B39 -> 2523 | Q104: Sampmania | R104: =INDEX('Calcolo Delta'!AT$42:AT$77, MATCH('RAW DATA andamento'!$B$57,'Calcolo Delta'!$A$42:$A$77,0)) -> -96
B105: Mojito FC | C105: =Punteggio!M39 - FantaCulo!V41 -> 39.5518 | E105: Straw Dogs | F105: =Punteggio!C39 - FantaCulo!B41 + Punteggio!B46 - Punteggio!B49 -> 41.2183 | H105: Mojito FC | I105: =Punteggio!M39 -> 35 | K105: Spacca CFC | L105: =INDEX('Calcolo Delta'!AY$3:AY$38, MATCH('RAW DATA andamento'!$B$57,'Calcolo Delta'!$A$3:$A$38,0)) -> 2 | N105: Mambo FC | O105: =Punteggio!H39 -> 2504 | Q105: Spacca CFC | R105: =INDEX('Calcolo Delta'!AY$42:AY$77, MATCH('RAW DATA andamento'!$B$57,'Calcolo Delta'!$A$42:$A$77,0)) -> -29.5

Sheet Formula 1
A1: Giornata | B1: STRAW DOGS | D1: DELU TEAM | F1: TROFIE 'NFOIATE | H1: MAMBO FC | J1: MANZOTEAM | L1: MOJITO FC | N1: RCD SUERTE | P1: PATATINAIKOS | R1: SAMPMANIA | T1: SPACCA CFC
A2: 1 | B2: 18 | D2: 4 | F2: 8 | H2: 15 | J2: 6 | L2: 10 | N2: 1 | P2: 2 | R2: 25 | T2: 12
A3: 2 | B3: 8 | D3: 10 | F3: 25 | H3: 8 | J3: 15 | L3: 2 | N3: 15 | P3: 1 | R3: 18 | T3: 4
A4: 3 | B4: 4 | D4: 12 | F4: 25 | H4: 8 | J4: 15 | L4: 10 | N4: 6 | P4: 2 | R4: 1 | T4: 18
A5: 4 | B5: 18 | D5: 2 | F5: 18 | H5: 10 | J5: 4 | L5: 1 | N5: 12 | P5: 6 | R5: 10 | T5: 25
A6: 5 | B6: 4 | D6: 6 | F6: 8 | H6: 12 | J6: 18 | L6: 15 | N6: 25 | P6: 1 | R6: 10 | T6: 2
A7: 6 | B7: 18 | D7: 15 | F7: 12 | H7: 2 | J7: 4 | L7: 8 | N7: 25 | P7: 6 | R7: 1 | T7: 10
A8: 7 | B8: 6 | D8: 12 | F8: 25 | H8: 15 | J8: 8 | L8: 10 | N8: 1 | P8: 2 | R8: 18 | T8: 6
A9: 8 | B9: 1 | D9: 8 | F9: 10 | H9: 18 | J9: 25 | L9: 15 | N9: 2 | P9: 6 | R9: 4 | T9: 15
A10: 9 | B10: 8 | D10: 15 | F10: 2 | H10: 4 | J10: 12 | L10: 8 | N10: 1 | P10: 10 | R10: 18 | T10: 25
A11: 10 | B11: 15 | D11: 18 | F11: 25 | H11: 2 | J11: 4 | L11: 2 | N11: 8 | P11: 6 | R11: 12 | T11: 10
A12: 11 | B12: 1 | D12: 18 | F12: 4 | H12: 15 | J12: 12 | L12: 6 | N12: 10 | P12: 8 | R12: 25 | T12: 2
A13: 12 | B13: 4 | D13: 12 | F13: 15 | H13: 1 | J13: 25 | L13: 8 | N13: 12 | P13: 18 | R13: 8 | T13: 2
... A36: 35 | B36: 18 | D36: 4 | F36: 6 | H36: 1 | J36: 25 | L36: 2 | N36: 8 | P36: 15 | R36: 12 | T36: 10
A37: 36
A38: Totale | B38: =SUM(B2:C37) -> 304 | D38: =SUM(D2:E37) -> 390 | F38: =SUM(F2:G37) -> 414 | H38: =SUM(H2:I37) -> 295 | J38: =SUM(J2:K37) -> 481 | L38: =SUM(L2:M37) -> 287 | N38: =SUM(N2:O37) -> 380 | P38: =SUM(P2:Q37) -> 337 | R38: =SUM(R2:S37) -> 336 | T38: =SUM(T2:U37) -> 388
A66: 1° posto | B66: =COUNTIF(B2:C37,25) -> 0 | D66: =COUNTIF(D2:E37,25) -> 3 | F66: =COUNTIF(F2:G37,25) -> 5 | H66: =COUNTIF(H2:I37,25) -> 1 | J66: =COUNTIF(J2:K37,25) -> 9 | L66: =COUNTIF(L2:M37,25) -> 1 | N66: =COUNTIF(N2:O37,25) -> 6 | P66: =COUNTIF(P2:Q37,25) -> 4 | R66: =COUNTIF(R2:S37,25) -> 3 | T66: =COUNTIF(T2:U37,25) -> 4
A67: 2° posto | B67: =COUNTIF(B2:C37,18) -> 7 | D67: =COUNTIF(D2:E37,18) -> 5 | F67: =COUNTIF(F2:G37,18) -> 3 | H67: =COUNTIF(H2:I37,18) -> 3 | J67: =COUNTIF(J2:K37,18) -> 4 | L67: =COUNTIF(L2:M37,18) -> 1 | N67: =COUNTIF(N2:O37,18) -> 2 | P67: =COUNTIF(P2:Q37,18) -> 2 | R67: =COUNTIF(R2:S37,18) -> 5 | T67: =COUNTIF(T2:U37,18) -> 5
A68: 3° posto | B68: =COUNTIF(B2:C37,15) -> 2 | D68: =COUNTIF(D2:E37,15) -> 4 | F68: =COUNTIF(F2:G37,15) -> 6 | H68: =COUNTIF(H2:I37,15) -> 4 | J68: =COUNTIF(J2:K37,15) -> 5 | L68: =COUNTIF(L2:M37,15) -> 4 | N68: =COUNTIF(N2:O37,15) -> 4 | P68: =COUNTIF(P2:Q37,15) -> 6 | R68: =COUNTIF(R2:S37,15) -> 1 | T68: =COUNTIF(T2:U37,15) -> 3

Sheet Partite
A1: Campionato in corso | B1: STRAW DOGS | F1: DELU TEAM | J1: TROFIE 'NFOIATE | N1: MAMBO FC | R1: MANZOTEAM | V1: MOJITO FC | Z1: RCD SUERTE | AD1: PATATINAIKOS | AH1: SAMPMANIA | AL1: SPACCA CFC
A2: STRAW DOGS | F2: 2-2 | G2: 3-0 | H2: 2-2 | I2: 3-2 | J2: 2-3 | K2: 2-2 | L2: 0-1 | M2: 2-1 | N2: 2-0 | O2: 1-2 | P2: 2-1 | Q2: 0-1 | R2: 2-1 | S2: 1-1 | T2: 1-1 | V2: 0-2 | W2: 3-3 | X2: 0-3 | Y2: 2-0 | Z2: 0-1 | AA2: 2-2 | AB2: 2-3 | AC2: 0-1 | AD2: 0-3 | AE2: 2-3 | AF2: 2-3 | AG2: 3-1 | AH2: 1-0 | AI2: 2-3 | AJ2: 3-2 | AK2: 2-3 | AL2: 3-1 | AM2: 0-1 | AN2: 3-0 | AO2: 2-1
A3: DELU TEAM | B3: 2-2 | C3: 0-3 | D3: 2-2 | E3: 2-3 | J3: 1-1 | K3: 4-3 | L3: 3-0 | M3: 1-4 | N3: 2-1 | O3: 1-4 | P3: 4-0 | Q3: 0-1 | R3: 1-2 | S3: 3-1 | T3: 2-3 | U3: 1-3 | V3: 1-2 | W3: 2-3 | X3: 2-3 | Y3: 1-2 | Z3: 1-2 | AA3: 2-2 | AB3: 3-2 | AC3: 1-2 | AD3: 2-3 | AE3: 1-2 | AF3: 1-3 | AH3: 2-1 | AI3: 2-3 | AJ3: 1-1 | AK3: 1-2 | AL3: 2-0 | AM3: 2-0 | AN3: 2-0 | AO3: 1-3
A4: TROFIE 'NFOIATE | B4: 3-2 | C4: 2-2 | D4: 1-0 | E4: 1-2 | F4: 1-1 | G4: 3-4 | H4: 0-3 | I4: 4-1 | N4: 1-1 | O4: 1-1 | P4: 0-2 | R4: 1-2 | S4: 1-1 | T4: 4-2 | U4: 4-4 | V4: 2-2 | W4: 3-1 | X4: 2-1 | Y4: 0-0 | Z4: 2-4 | AA4: 2-1 | AB4: 2-3 | AC4: 2-2 | AD4: 0-1 | AE4: 0-3 | AF4: 4-2 | AG4: 2-2 | AH4: 0-3 | AI4: 1-2 | AJ4: 1-3 | AK4: 1-2 | AL4: 1-3 | AM4: 2-1 | AN4: 1-3 | AO4: 3-3
A5: MAMBO FC | B5: 0-2 | C5: 2-1 | D5: 1-2 | E5: 1-0 | F5: 1-2 | G5: 4-1 | H5: 0-4 | I5: 1-0 | J5: 1-1 | K5: 1-1 | L5: 2-0 | R5: 3-2 | S5: 3-0 | T5: 4-2 | U5: 2-3 | V5: 2-2 | W5: 1-3 | X5: 2-0 | Y5: 2-0 | Z5: 0-3 | AA5: 2-0 | AB5: 4-3 | AC5: 3-1 | AD5: 1-1 | AE5: 0-2 | AF5: 3-2 | AG5: 3-2 | AH5: 3-2 | AI5: 3-2 | AJ5: 2-1 | AK5: 0-3 | AL5: 1-1 | AM5: 1-1 | AN5: 2-2 | AO5: 2-2
A6: MANZOTEAM | B6: 1-2 | C6: 1-1 | D6: 1-1 | F6: 2-1 | G6: 1-3 | H6: 3-2 | I6: 3-1 | J6: 2-1 | K6: 1-1 | L6: 2-4 | M6: 4-4 | N6: 2-3 | O6: 0-3 | P6: 2-4 | Q6: 3-2 | V6: 1-2 | W6: 1-2 | X6: 5-2 | Y6: 1-4 | Z6: 4-3 | AA6: 4-3 | AB6: 1-2 | AC6: 4-3 | AD6: 1-3 | AE6: 2-3 | AF6: 1-2 | AG6: 3-3 | AH6: 0-1 | AI6: 5-1 | AJ6: 1-4 | AK6: 0-3 | AL6: 3-1 | AM6: 2-0 | AN6: 5-2 | AO6: 1-3
A7: MOJITO FC | B7: 2-0 | C7: 3-3 | D7: 3-0 | E7: 0-2 | F7: 2-1 | G7: 3-2 | H7: 3-2 | I7: 2-1 | J7: 2-2 | K7: 1-3 | L7: 1-2 | M7: 0-0 | N7: 2-2 | O7: 3-1 | P7: 0-2 | Q7: 0-2 | R7: 2-1 | S7: 2-1 | T7: 2-5 | U7: 4-1 | Z7: 0-1 | AA7: 2-1 | AB7: 3-3 | AD7: 1-2 | AE7: 2-1 | AF7: 3-2 | AG7: 4-2 | AH7: 5-2 | AI7: 2-0 | AJ7: 1-2 | AK7: 2-1 | AL7: 0-3 | AM7: 4-2 | AN7: 2-1 | AO7: 2-0
A8: RCD SUERTE | B8: 1-0 | C8: 2-2 | D8: 3-2 | E8: 1-0 | F8: 2-1 | G8: 2-2 | H8: 2-3 | I8: 2-1 | J8: 4-2 | K8: 1-2 | L8: 3-2 | M8: 2-2 | N8: 3-0 | O8: 0-2 | P8: 3-4 | Q8: 1-3 | R8: 3-4 | S8: 3-4 | T8: 2-1 | U8: 3-4 | V8: 1-0 | W8: 1-2 | X8: 3-3 | AD8: 1-4 | AE8: 1-0 | AF8: 1-2 | AG8: 3-3 | AH8: 1-2 | AI8: 1-1 | AJ8: 1-0 | AK8: 1-2 | AL8: 2-0 | AM8: 1-3 | AN8: 2-2
A9: PATATINAIKOS | B9: 3-0 | C9: 3-2 | D9: 3-2 | E9: 1-3 | F9: 3-2 | G9: 2-1 | H9: 3-1 | J9: 1-0 | K9: 3-0 | L9: 2-4 | M9: 2-2 | N9: 1-1 | O9: 2-0 | P9: 2-3 | Q9: 2-3 | R9: 3-1 | S9: 3-2 | T9: 2-1 | U9: 3-3 | V9: 2-1 | W9: 1-2 | X9: 2-3 | Y9: 2-4 | Z9: 4-1 | AA9: 0-1 | AB9: 2-1 | AC9: 3-3 | AH9: 3-1 | AI9: 2-2 | AJ9: 3-4 | AK9: 2-0 | AL9: 1-1 | AM9: 1-2 | AN9: 1-5 | AO9: 4-2
A10: SAMPMANIA | B10: 0-1 | C10: 3-2 | D10: 2-3 | E10: 3-2 | F10: 1-2 | G10: 3-2 | H10: 1-1 | I10: 2-1 | J10: 3-0 | K10: 2-1 | L10: 3-1 | M10: 2-1 | N10: 2-3 | O10: 2-3 | P10: 1-2 | Q10: 3-0 | R10: 1-0 | S10: 1-5 | T10: 4-1 | U10: 3-0 | V10: 2-5 | W10: 0-2 | X10: 2-1 | Y10: 1-2 | Z10: 2-1 | AA10: 1-1 | AB10: 0-1 | AC10: 2-1 | AD10: 1-3 | AE10: 2-2 | AF10: 4-3 | AG10: 0-2 | AL10: 4-4 | AM10: 3-2 | AN10: 2-1 | AO10: 2-2
A11: SPACCA CFC | B11: 1-3 | C11: 1-0 | D11: 0-3 | E11: 1-2 | F11: 0-2 | G11: 0-2 | H11: 0-2 | I11: 3-1 | J11: 3-1 | K11: 1-2 | L11: 3-1 | M11: 3-3 | N11: 1-1 | O11: 1-1 | P11: 2-2 | Q11: 2-2 | R11: 1-3 | S11: 0-2 | T11: 2-5 | U11: 3-1 | V11: 3-0 | W11: 2-4 | X11: 1-2 | Y11: 0-2 | Z11: 0-2 | AA11: 3-1 | AB11: 2-2 | AC11: 2-2 | AD11: 1-1 | AE11: 2-1 | AF11: 5-1 | AG11: 2-4 | AH11: 4-4 | AI11: 2-3 | AJ11: 1-2

Sheet Bonus-Malus
A1: Squadra | B1: Gol Totali | C1: Dif. | D1: % | E1: Cent. | F1: % | G1: Att. | H1: % | I1: Assist Tot. | J1: Dif. | K1: % | L1: Cent. | M1: % | N1: Att. | O1: % | P1: Gol Pareggio | Q1: Gol Vittoria | R1: Ammonizioni | S1: Espulsioni | T1: Gol Subiti | U1: Imbattibilità | V1: Autogol | W1: Gol Panchina | X1: Assist Panchina | Y1: Rig Segnati | Z1: Rig. Sbagliati | AA1: Rig. Parati | AB1: Partite Modificatore | AC1: Punti Modificatore | AD1: Tot. Punti Bonus | AE1: Tot. Punti Malus | AF1: Saldo | AG1: Media | AH1: Punti Rosa
A2: Delu Team | B2: =C2+E2+G2 -> 55 | C2: 3 | D2: =C2/B2 -> 0.054545455 | E2: 16 | F2: =E2/B2 -> 0.29090909 | G2: 36 | H2: =G2/B2 -> 0.65454545 | I2: =J2+L2+N2 -> 29 | J2: 7 | K2: =J2/I2 -> 0.24137931 | L2: 10 | M2: =L2/I2 -> 0.34482759 | N2: 12 | O2: =N2/I2 -> 0.4137931 | P2: 3 | Q2: 22 | R2: 46 | S2: 3 | T2: 35 | U2: 12 | V2: 0 | W2: 2 | X2: 3 | Y2: 4 | Z2: 1 | AA2: 3 | AB2: 33 | AC2: 26 | AD2: 252 | AE2: 64 | AF2: =AD2-AE2 -> 188 | AG2: =AF2/'RAW DATA andamento'!$B$57 -> 5.3714286 | AH2: =Panchine!E39+Punteggio!D39 -> 4589.5
A3: Mambo FC | B3: =C3+E3+G3 -> 48 | C3: 7 | D3: =C3/B3 -> 0.14583333 | E3: 18 | F3: =E3/B3 -> 0.375 | G3: 23 | H3: =G3/B3 -> 0.47916667 | I3: =J3+L3+N3 -> 19 | J3: 0 | K3: =J3/I3 -> 0 | L3: 16 | M3: =L3/I3 -> 0.84210526 | N3: 3 | O3: =N3/I3 -> 0.15789474 | P3: 4 | Q3: 11 | R3: 41 | S3: 1 | T3: 28 | U3: 17 | V3: 0 | W3: 8 | X3: 3 | Y3: 2 | Z3: 2 | AA3: 0 | AB3: 6 | AC3: 4 | AD3: 208 | AE3: 55.5 | AF3: =AD3-AE3 -> 152.5 | AG3: =AF3/'RAW DATA andamento'!$B$57 -> 4.3571429 | AH3: =Panchine!I39+Punteggio!H39 -> 3800.5
A4: Manzoteam | B4: =C4+E4+G4 -> 51 | C4: 15 | D4: =C4/B4 -> 0.29411765 | E4: 8 | F4: =E4/B4 -> 0.15686275 | G4: 28 | H4: =G4/B4 -> 0.54901961 | I4: =J4+L4+N4 -> 41 | J4: 18 | K4: =J4/I4 -> 0.43902439 | L4: 13 | M4: =L4/I4 -> 0.31707317 | N4: 10 | O4: =N4/I4 -> 0.24390244 | P4: 2 | Q4: 20 | R4: 41 | S4: 5 | T4: 29 | U4: 13 | V4: 0 | W4: 1 | X4: 0 | Y4: 9 | Z4: 2 | AA4: 0 | AB4: 33 | AC4: 60 | AD4: 244 | AE4: 60.5 | AF4: =AD4-AE4 -> 183.5 | AG4: =AF4/'RAW DATA andamento'!$B$57 -> 5.2428571 | AH4: =Panchine!K39+Punteggio!J39 -> 3916.5
A5: Mojito FC | B5: =C5+E5+G5 -> 34 | C5: 9 | D5: =C5/B5 -> 0.26470588 | E5: 11 | F5: =E5/B5 -> 0.32352941 | G5: 14 | H5: =G5/B5 -> 0.41176471 | I5: =J5+L5+N5 -> 21 | J5: 6 | K5: =J5/I5 -> 0.28571429 | L5: 8 | M5: =L5/I5 -> 0.38095238 | N5: 7 | O5: =N5/I5 -> 0.33333333 | P5: 4 | Q5: 9 | R5: 46 | S5: 3 | T5: 30 | U5: 16 | V5: 0 | W5: 0 | X5: 2 | Y5: 7 | Z5: 0 | AA5: 0 | AB5: 32 | AC5: 45 | AD5: 163 | AE5: 55 | AF5: =AD5-AE5 -> 108 | AG5: =AF5/'RAW DATA andamento'!$B$57 -> 3.0857143 | AH5: =Panchine!M39+Punteggio!L39 -> 4668
A6: Patatinaikos | B6: =C6+E6+G6 -> 46 | C6: 10 | D6: =C6/B6 -> 0.2173913 | E6: 15 | F6: =E6/B6 -> 0.32608696 | G6: 21 | H6: =G6/B6 -> 0.45652174 | I6: =J6+L6+N6 -> 24 | J6: 6 | K6: =J6/I6 -> 0.25 | L6: 10 | M6: =L6/I6 -> 0.41666667 | N6: 8 | O6: =N6/I6 -> 0.33333333 | P6: 2 | Q6: 16 | R6: 33 | S6: 4 | T6: 41 | U6: 13 | V6: 0 | W6: 4 | X6: 3 | Y6: 3 | Z6: 0 | AA6: 0 | AB6: 33 | AC6: 34 | AD6: 208.5 | AE6: 61.5 | AF6: =AD6-AE6 -> 147 | AG6: =AF6/'RAW DATA andamento'!$B$57 -> 4.2 | AH6: =Panchine!Q39+Punteggio!P39 -> 4102
A7: RCD Suerte | B7: =C7+E7+G7 -> 47 | C7: 8 | D7: =C7/B7 -> 0.17021277 | E7: 12 | F7: =E7/B7 -> 0.25531915 | G7: 27 | H7: =G7/B7 -> 0.57446809 | I7: =J7+L7+N7 -> 29 | J7: 8 | K7: =J7/I7 -> 0.27586207 | L7: 10 | M7: =L7/I7 -> 0.34482759 | N7: 11 | O7: =N7/I7 -> 0.37931034 | P7: 5 | Q7: 14 | R7: 57 | S7: 2 | T7: 31 | U7: 18 | V7: 1 | W7: 3 | X7: 2 | Y7: 9 | Z7: 4 | AA7: 2 | AB7: 30 | AC7: 38 | AD7: 206 | AE7: 73.5 | AF7: =AD7-AE7 -> 132.5 | AG7: =AF7/'RAW DATA andamento'!$B$57 -> 3.7857143 | AH7: =Panchine!O39+Punteggio!N39 -> 4163.5
A8: Sampmania | B8: =C8+E8+G8 -> 43 | C8: 7 | D8: =C8/B8 -> 0.1627907 | E8: 17 | F8: =E8/B8 -> 0.39534884 | G8: 19 | H8: =G8/B8 -> 0.44186047 | I8: =J8+L8+N8 -> 23 | J8: 8 | K8: =J8/I8 -> 0.34782609 | L8: 10 | M8: =L8/I8 -> 0.43478261 | N8: 5 | O8: =N8/I8 -> 0.2173913 | P8: 1 | Q8: 21 | R8: 45 | S8: 4 | T8: 31 | U8: 12 | V8: 0 | W8: 5 | X8: 1 | Y8: 4 | Z8: 2 | AA8: 2 | AB8: 23 | AC8: 31 | AD8: 206.5 | AE8: 63.5 | AF8: =AD8-AE8 -> 143 | AG8: =AF8/'RAW DATA andamento'!$B$57 -> 4.0857143 | AH8: =Panchine!S39+Punteggio!R39 -> 3967
A9: Spacca CFC | B9: =C9+E9+G9 -> 51 | C9: 7 | D9: =C9/B9 -> 0.1372549 | E9: 25 | F9: =E9/B9 -> 0.49019608 | G9: 19 | H9: =G9/B9 -> 0.37254902 | I9: =J9+L9+N9 -> 31 | J9: 8 | K9: =J9/I9 -> 0.25806452 | L9: 13 | M9: =L9/I9 -> 0.41935484 | N9: 10 | O9: =N9/I9 -> 0.32258065 | P9: 1 | Q9: 9 | R9: 34 | S9: 1 | T9: 26 | U9: 17 | V9: 1 | W9: 5 | X9: 1 | Y9: 6 | Z9: 4 | AA9: 1 | AB9: 12 | AC9: 20 | AD9: 229 | AE9: 58.5 | AF9: =AD9-AE9 -> 170.5 | AG9: =AF9/'RAW DATA andamento'!$B$57 -> 4.8714286 | AH9: =Panchine!U39+Punteggio!T39 -> 5413.5
A10: Straw Dogs | B10: =C10+E10+G10 -> 34 | C10: 3 | D10: =C10/B10 -> 0.088235294 | E10: 13 | F10: =E10/B10 -> 0.38235294 | G10: 18 | H10: =G10/B10 -> 0.52941176 | I10: =J10+L10+N10 -> 22 | J10: 2 | K10: =J10/I10 -> 0.090909091 | L10: 17 | M10: =L10/I10 -> 0.77272727 | N10: 3 | O10: =N10/I10 -> 0.13636364 | P10: 3 | Q10: 15 | R10: 51 | S10: 2 | T10: 32 | U10: 13 | V10: 1 | W10: 0 | X10: 0 | Y10: 3 | Z10: 0 | AA10: 2 | AB10: 25 | AC10: 31 | AD10: 168 | AE10: 61 | AF10: =AD10-AE10 -> 107 | AG10: =AF10/'RAW DATA andamento'!$B$57 -> 3.0571429 | AH10: =Panchine!C39+Punteggio!B39 -> 4271
A11: Trofie 'Nfoiate | B11: =C11+E11+G11 -> 51 | C11: 10 | D11: =C11/B11 -> 0.19607843 | E11: 16 | F11: =E11/B11 -> 0.31372549 | G11: 25 | H11: =G11/B11 -> 0.49019608 | I11: =J11+L11+N11 -> 27 | J11: 9 | K11: =J11/I11 -> 0.33333333 | L11: 7 | M11: =L11/I11 -> 0.25925926 | N11: 11 | O11: =N11/I11 -> 0.40740741 | P11: 1 | Q11: 20 | R11: 35 | S11: 1 | T11: 54 | U11: 7 | V11: 2 | W11: 5 | X11: 3 | Y11: 3 | Z11: 1 | AA11: 1 | AB11: 33 | AC11: 42 | AD11: 227 | AE11: 79.5 | AF11: =AD11-AE11 -> 147.5 | AG11: =AF11/'RAW DATA andamento'!$B$57 -> 4.2142857 | AH11: =Panchine!G39+Punteggio!F39 -> 4823.5

Sheet Bonus-Malus Avversari
A1: Squadra | B1: Gol Totali | C1: Dif. | D1: Cent. | E1: Att. | F1: Assist Tot. | G1: Dif. | H1: Cent. | I1: Att. | J1: Gol Pareggio | K1: Gol Vittoria | L1: Ammonizioni | M1: Espulsioni | N1: Gol Subiti | O1: Imbattibilità | P1: Autogol | Q1: Gol Panchina | R1: Assist Panchina | S1: Rig Segnati | T1: Rig. Sbagliati | U1: Rig. Parati | V1: Partite Modificatore | W1: Punti Modificatore
A2: Delu Team | B2: =C2+D2+E2 -> 46 | C2: 10 | D2: 11 | E2: 25 | F2: =G2+H2+I2 -> 22 | G2: 6 | H2: 11 | I2: 5 | J2: 2 | K2: 16 | L2: 41 | M2: 3 | N2: 45 | O2: 9 | P2: 1 | Q2: 8 | R2: 3 | S2: 3 | T2: 1 | U2: 1 | V2: 25 | W2: 26
A3: Mambo FC | B3: =C3+D3+E3 -> 40 | C3: 6 | D3: 10 | E3: 24 | F3: =G3+H3+I3 -> 29 | G3: 9 | H3: 15 | I3: 5 | J3: 3 | K3: 14 | L3: 53 | M3: 4 | N3: 32 | O3: 13 | P3: 0 | Q3: 2 | R3: 1 | S3: 4 | T3: 0 | U3: 0 | V3: 27 | W3: 32
A4: Manzoteam | B4: =C4+D4+E4 -> 51 | C4: 11 | D4: 18 | E4: 22 | F4: =G4+H4+I4 -> 26 | G4: 7 | H4: 14 | I4: 5 | J4: 3 | K4: 18 | L4: 45 | M4: 2 | N4: 26 | O4: 18 | P4: 0 | Q4: 4 | R4: 1 | S4: 5 | T4: 0 | U4: 1 | V4: 24 | W4: 36
A5: Mojito FC | B5: =C5+D5+E5 -> 54 | C5: 7 | D5: 18 | E5: 29 | F5: =G5+H5+I5 -> 31 | G5: 10 | H5: 8 | I5: 13 | J5: 1 | K5: 22 | L5: 40 | M5: 3 | N5: 32 | O5: 18 | P5: 2 | Q5: 3 | R5: 3 | S5: 4 | T5: 3 | U5: 4 | V5: 24 | W5: 38
A6: Patatinaikos | B6: =C6+D6+E6 -> 53 | C6: 5 | D6: 24 | E6: 24 | F6: =G6+H6+I6 -> 26 | G6: 5 | H6: 11 | I6: 10 | J6: 2 | K6: 19 | L6: 39 | M6: 3 | N6: 30 | O6: 18 | P6: 0 | Q6: 0 | R6: 1 | S6: 8 | T6: 2 | U6: 2 | V6: 26 | W6: 41
A7: RCD Suerte | B7: =C7+D7+E7 -> 52 | C7: 10 | D7: 15 | E7: 27 | F7: =G7+H7+I7 -> 27 | G7: 7 | H7: 11 | I7: 9 | J7: 0 | K7: 13 | L7: 44 | M7: 3 | N7: 32 | O7: 12 | P7: 1 | Q7: 1 | R7: 2 | S7: 4 | T7: 0 | U7: 1 | V7: 24 | W7: 25
A8: Sampmania | B8: =C8+D8+E8 -> 48 | C8: 10 | D8: 16 | E8: 22 | F8: =G8+H8+I8 -> 29 | G8: 8 | H8: 10 | I8: 11 | J8: 6 | K8: 14 | L8: 41 | M8: 3 | N8: 40 | O8: 13 | P8: 0 | Q8: 0 | R8: 1 | S8: 3 | T8: 2 | U8: 0 | V8: 29 | W8: 37
A9: Spacca CFC | B9: =C9+D9+E9 -> 42 | C9: 9 | D9: 18 | E9: 15 | F9: =G9+H9+I9 -> 20 | G9: 4 | H9: 10 | I9: 6 | J9: 2 | K9: 16 | L9: 51 | M9: 1 | N9: 29 | O9: 13 | P9: 0 | Q9: 5 | R9: 2 | S9: 6 | T9: 4 | U9: 1 | V9: 31 | W9: 35
A10: Straw Dogs | B10: =C10+D10+E10 -> 42 | C10: 5 | D10: 17 | E10: 20 | F10: =G10+H10+I10 -> 26 | G10: 7 | H10: 9 | I10: 10 | J10: 2 | K10: 13 | L10: 39 | M10: 3 | N10: 41 | O10: 8 | P10: 1 | Q10: 6 | R10: 1 | S10: 10 | T10: 1 | U10: 2 | V10: 25 | W10: 27
A11: Trofie 'Nfoiate | B11: =C11+D11+E11 -> 35 | C11: 8 | D11: 5 | E11: 22 | F11: =G11+H11+I11 -> 28 | G11: 8 | H11: 14 | I11: 6 | J11: 3 | K11: 13 | L11: 36 | M11: 1 | N11: 34 | O11: 14 | P11: 0 | Q11: 2 | R11: 3 | S11: 3 | T11: 1 | U11: 1 | V11: 27 | W11: 36

Sheet Tutti vs Tutti e Punti contro
A1: TUTTI CONTRO TUTTI | N1: PUNTI AVVERSARIO
A2: Giornata | B2: Strawdogs | C2: Delu Team | D2: Trofie 'nfoiate | E2: Mambo FC | F2: Manzoteam | G2: Mojito FC | H2: RCD Suerte | I2: Patatinaikos | J2: Sampmania | K2: Spacca CFC | N2: Giornata | O2: Strawdogs | P2: Delu Team | Q2: Trofie 'nfoiate | R2: Mambo FC | S2: Manzoteam | T2: Mojito FC | U2: RCD Suerte | V2: Patatinaikos | W2: Sampmania | X2: Spacca CFC
A3: 1 | B3: 22 | C3: 8 | D3: 8 | E3: 22 | F3: 8 | G3: 16 | H3: 1 | I3: 1 | J3: 27 | K3: 16 | N3: 1 | O3: 62 | P3: 69.5 | Q3: 68 | R3: 61 | S3: 78.5 | T3: 91 | U3: 80 | V3: 81.5 | W3: 76.5 | X3: 68.5
A4: 2 | B4: 15 | C4: 3 | D4: 27 | E4: 15 | F4: 15 | G4: 3 | H4: 15 | I4: 3 | J4: 24 | K4: 3 | N4: 2 | O4: 73.5 | P4: 72.5 | Q4: 75 | R4: 81 | S4: 70 | T4: 75 | U4: 85.5 | V4: 70.5 | W4: 72.5 | X4: 68
A5: 3 | B5: 4 | C5: 19 | D5: 25 | E5: 4 | F5: 25 | G5: 4 | H5: 4 | I5: 4 | J5: 0 | K5: 19 | N5: 3 | O5: 79.5 | P5: 69 | Q5: 62 | R5: 79 | S5: 72.5 | T5: 67 | U5: 76 | V5: 73 | W5: 83 | X5: 67.5
A6: 4 | B6: 14 | C6: 3 | D6: 23 | E6: 14 | F6: 3 | G6: 3 | H6: 23 | I6: 3 | J6: 14 | K6: 23 | N6: 4 | O6: 64 | P6: 77.5 | Q6: 66 | R6: 67 | S6: 73.5 | T6: 73.5 | U6: 70.5 | V6: 70.5 | W6: 72.5 | X6: 64.5
A7: 5 | B7: 2 | C7: 11 | D7: 11 | E7: 19 | F7: 25 | G7: 19 | H7: 25 | I7: 2 | J7: 11 | K7: 2 | N7: 5 | O7: 76 | P7: 73.5 | Q7: 62.5 | R7: 65.5 | S7: 85 | T7: 65 | U7: 82 | V7: 71 | W7: 69.5 | X7: 78.5
A8: 6 | B8: 24 | C8: 19 | D8: 19 | E8: 9 | F8: 1 | G8: 9 | H8: 27 | I8: 9 | J8: 1 | K8: 9 | N8: 6 | O8: 72.5 | P8: 69.5 | Q8: 78.5 | R8: 71.5 | S8: 63 | T8: 75 | U8: 68 | V8: 88.5 | W8: 67.5 | X8: 67
A9: 7 | B9: 3 | C9: 18 | D9: 27 | E9: 18 | F9: 3 | G9: 3 | H9: 0 | I9: 3 | J9: 18 | K9: 3 | N9: 7 | O9: 63.5 | P9: 68.5 | Q9: 68 | R9: 73 | S9: 74.5 | T9: 77 | U9: 68 | V9: 79 | W9: 67 | X9: 83
A10: 8 | B10: 2 | C10: 10 | D10: 18 | E10: 18 | F10: 27 | G10: 18 | H10: 2 | I10: 2 | J10: 10 | K10: 18 | N10: 8 | O10: 66 | P10: 76.5 | Q10: 75.5 | R10: 71 | S10: 67.5 | T10: 72.5 | U10: 75.5 | V10: 79 | W10: 60 | X10: 63
A11: 9 | B11: 8 | C11: 22 | D11: 1 | E11: 8 | F11: 16 | G11: 8 | H11: 1 | I11: 16 | J11: 22 | K11: 27 | N11: 9 | O11: 76 | P11: 75 | Q11: 67 | R11: 66 | S11: 71.5 | T11: 62.5 | U11: 71.5 | V11: 82 | W11: 85.5 | X11: 84.5
A12: 10 | B12: 22 | C12: 22 | D12: 27 | E12: 2 | F12: 2 | G12: 2 | H12: 12 | I12: 12 | J12: 12 | K12: 12 | N12: 10 | O12: 74 | P12: 87 | Q12: 82 | R12: 74.5 | S12: 75 | T12: 75.5 | U12: 65 | V12: 81 | W12: 65 | X12: 65.5
A13: 11 | B13: 1 | C13: 25 | D13: 7 | E13: 14 | F13: 14 | G13: 7 | H13: 14 | I13: 14 | J13: 25 | K13: 1 | N13: 11 | O13: 78.5 | P13: 59 | Q13: 74 | R13: 80.5 | S13: 70 | T13: 74.5 | U13: 69 | V13: 67.5 | W13: 75 | X13: 72
A14: 12 | B14: 2 | C14: 11 | D14: 21 | E14: 2 | F14: 21 | G14: 11 | H14: 21 | I14: 21 | J14: 11 | K14: 2 | N14: 12 | O14: 65 | P14: 72 | Q14: 68 | R14: 78.5 | S14: 60 | T14: 77 | U14: 72 | V14: 68 | W14: 74 | X14: 67.5
... A37: 35 | B37: 23 | C37: 10 | D37: 2 | E37: 2 | F37: 23 | G37: 2 | H37: 10 | I37: 23 | J37: 16 | K37: 16 | N37: 35 | O37: 76 | P37: 53.5 | Q37: 65.5 | R37: 71 | S37: 78 | T37: 61.5 | U37: 74 | V37: 83.5 | W37: 80 | X37: 72.5
A38: 36 | N38: 36
A39: Media | B39: =AVERAGE(B3:B38) -> 10.171429 | C39: =AVERAGE(C3:C38) -> 14.057143 | D39: =AVERAGE(D3:D38) -> 14.628571 | E39: =AVERAGE(E3:E38) -> 10.742857 | F39: =AVERAGE(F3:F38) -> 15.771429 | G39: =AVERAGE(G3:G38) -> 9.8 | H39: =AVERAGE(H3:H38) -> 12.828571 | I39: =AVERAGE(I3:I38) -> 11.685714 | ... K39: =AVERAGE(K3:K38) -> 12.6 | N39: Media | O39: =AVERAGE(O3:O38) -> 72.514286 | P39: =AVERAGE(P3:P38) -> 72.071429 | Q39: =AVERAGE(Q3:Q38) -> 72.385714 | R39: =AVERAGE(R3:R38) -> 73.157143 | S39: =AVERAGE(S3:S38) -> 74.6 | T39: =AVERAGE(T3:T38) -> 74.771429 | U39: =AVERAGE(U3:U38) -> 74.285714 | V39: =AVERAGE(V3:V38) -> 76.157143 | ... X39: =AVERAGE(X3:X38) -> 72.557143
F42: Squadra | G42: Punti | S42: Squadra | T42: Punti
F43: Manzoteam | G43: 552 | S43: Patatinaikos | T43: 2665.5
F44: Trofie 'nfoiate | G44: 512 | S44: Mojito FC | T44: 2617
F45: Delu Team | G45: 492 | S45: Manzoteam | T45: 2611
F46: RCD Suerte | G46: 449 | S46: RCD Suerte | T46: 2600
F47: Spacca CFC | G47: 441 | S47: Sampmania | T47: 2592
F48: Sampmania | G48: 416 | S48: Mambo FC | T48: 2560.5
F49: Patatinaikos | G49: 409 | S49: Spacca CFC | T49: 2539.5
F50: Mambo FC | G50: 376 | S50: Strawdogs | T50: 2538
F51: Strawdogs | G51: 356 | S51: Trofie 'nfoiate | T51: 2533.5
F52: Mojito FC | G52: 343 | S52: Delu Team | T52: 2522.5

Sheet Valore Rosa
B1: Straw Dogs | E1: Delu Team | H1: Trofie 'nfoiate | K1: Mambo FC | N1: Manzoteam | Q1: Mojito FC | T1: RCD Suerte | W1: Patatinaikos | Z1: Sampmania | AC1: Spacca CFC
B2: Valore | C2: V.M. Giocat. | D2: Andamento | E2: Valore | F2: V.M. Giocat. | G2: Andamento | H2: Valore | I2: V.M. Giocat. | J2: Andamento | K2: Valore | L2: V.M. Giocat. | M2: Andamento | N2: Valore | O2: V.M. Giocat. | P2: Andamento | Q2: Valore | R2: V.M. Giocat. | S2: Andamento | T2: Valore | U2: V.M. Giocat. | V2: Andamento | W2: Valore | X2: V.M. Giocat. | Y2: Andamento | Z2: Valore | AA2: V.M. Giocat. | AB2: Andamento | AC2: Valore | AD2: V.M. Giocat. | AE2: Andamento
A3: 0 | B3: 287 | C3: =B3/$B$42 -> 9.2580645 | D3: =((B3-$B$3)/$B$3) -> 0 | E3: 251 | F3: =E3/$E$42 -> 8.0967742 | G3: =((E3-$E$3)/$E$3) -> 0 | H3: 338 | I3: =H3/$H$42 -> 6.1454545 | J3: =((H3-$H$3)/$H$3) -> 0 | K3: 299 | L3: =K3/$K$42 -> 11.5 | M3: =((K3-$K$3)/$K$3) -> 0 | N3: 228 | O3: =N3/$N$42 -> 7.862069 | P3: =((N3-$N$3)/$N$3) -> 0 | Q3: 283 | R3: =Q3/$Q$42 -> 9.4333333 | S3: =((Q3-$Q$3)/$Q$3) -> 0 | T3: 308 | U3: =T3/$T$42 -> 9.625 | V3: =((T3-$T$3)/$T$3) -> 0 | W3: 343 | X3: =W3/$W$42 -> 13.192308 | Y3: =((W3-$W$3)/$W$3) -> 0 | Z3: 278 | AA3: =Z3/$Z$42 -> 8.1764706 | AB3: =((Z3-$Z$3)/$Z$3) -> 0 | AC3: 339 | AD3: =AC3/$AC$42 -> 10.935484 | AE3: =((AC3-$AC$3)/$AC$3) -> 0
A4: 1 | B4: 290 | C4: =B4/$B$42 -> 9.3548387 | D4: =((B4-$B$3)/$B$3) -> 0.010452962 | E4: 255 | F4: =E4/$E$42 -> 8.2258065 | G4: =((E4-$E$3)/$E$3) -> 0.015936255 | H4: 333 | I4: =H4/$H$42 -> 6.0545455 | J4: =((H4-$H$3)/$H$3) -> -0.014792899 | K4: 300 | L4: =K4/$K$42 -> 11.538462 | M4: =((K4-$K$3)/$K$3) -> 0.0033444816 | N4: 228 | O4: =N4/$N$42 -> 7.862069 | P4: =((N4-$N$3)/$N$3) -> 0 | Q4: 284 | R4: =Q4/$Q$42 -> 9.4666667 | S4: =((Q4-$Q$3)/$Q$3) -> 0.0035335689 | T4: 299 | U4: =T4/$T$42 -> 9.34375 | V4: =((T4-$T$3)/$T$3) -> -0.029220779 | W4: 338 | X4: =W4/$W$42 -> 13 | Y4: =((W4-$W$3)/$W$3) -> -0.014577259 | Z4: 286 | AA4: =Z4/$Z$42 -> 8.4117647 | AB4: =((Z4-$Z$3)/$Z$3) -> 0.028776978 | AC4: 341 | AD4: =AC4/$AC$42 -> 11 | AE4: =((AC4-$AC$3)/$AC$3) -> 0.005899705
A5: 2 | B5: 286 | C5: =B5/$B$42 -> 9.2258065 | D5: =((B5-$B$3)/$B$3) -> -0.0034843206 | E5: 248 | F5: =E5/$E$42 -> 8 | G5: =((E5-$E$3)/$E$3) -> -0.011952191 | H5: 329 | I5: =H5/$H$42 -> 5.9818182 | J5: =((H5-$H$3)/$H$3) -> -0.026627219 | K5: 299 | L5: =K5/$K$42 -> 11.5 | M5: =((K5-$K$3)/$K$3) -> 0 | N5: 225 | O5: =N5/$N$42 -> 7.7586207 | P5: =((N5-$N$3)/$N$3) -> -0.013157895 | Q5: 284 | R5: =Q5/$Q$42 -> 9.4666667 | S5: =((Q5-$Q$3)/$Q$3) -> 0.0035335689 | T5: 306 | U5: =T5/$T$42 -> 9.5625 | V5: =((T5-$T$3)/$T$3) -> -0.0064935065 | W5: 333 | X5: =W5/$W$42 -> 12.807692 | Y5: =((W5-$W$3)/$W$3) -> -0.029154519 | Z5: 285 | AA5: =Z5/$Z$42 -> 8.3823529 | AB5: =((Z5-$Z$3)/$Z$3) -> 0.025179856 | AC5: 350 | AD5: =AC5/$AC$42 -> 11.290323 | AE5: =((AC5-$AC$3)/$AC$3) -> 0.032448378
A6: 3 | B6: 287 | C6: =B6/$B$42 -> 9.2580645 | D6: =((B6-$B$3)/$B$3) -> 0 | E6: 246 | F6: =E6/$E$42 -> 7.9354839 | G6: =((E6-$E$3)/$E$3) -> -0.019920319 | H6: 332 | I6: =H6/$H$42 -> 6.0363636 | J6: =((H6-$H$3)/$H$3) -> -0.017751479 | K6: 293 | L6: =K6/$K$42 -> 11.269231 | M6: =((K6-$K$3)/$K$3) -> -0.02006689 | N6: 226 | O6: =N6/$N$42 -> 7.7931034 | P6: =((N6-$N$3)/$N$3) -> -0.0087719298 | Q6: 286 | R6: =Q6/$Q$42 -> 9.5333333 | S6: =((Q6-$Q$3)/$Q$3) -> 0.010600707 | T6: 303 | U6: =T6/$T$42 -> 9.46875 | V6: =((T6-$T$3)/$T$3) -> -0.016233766 | W6: 326 | X6: =W6/$W$42 -> 12.538462 | Y6: =((W6-$W$3)/$W$3) -> -0.049562682 | Z6: 278 | AA6: =Z6/$Z$42 -> 8.1764706 | AB6: =((Z6-$Z$3)/$Z$3) -> 0 | AC6: 353 | AD6: =AC6/$AC$42 -> 11.387097 | AE6: =((AC6-$AC$3)/$AC$3) -> 0.041297935
A7: 4 | B7: 312 | C7: =B7/$B$42 -> 10.064516 | D7: =((B7-$B$3)/$B$3) -> 0.087108014 | E7: 284 | F7: =E7/$E$42 -> 9.1612903 | G7: =((E7-$E$3)/$E$3) -> 0.1314741 | H7: 325 | I7: =H7/$H$42 -> 5.9090909 | J7: =((H7-$H$3)/$H$3) -> -0.038461538 | K7: 297 | L7: =K7/$K$42 -> 11.423077 | M7: =((K7-$K$3)/$K$3) -> -0.0066889632 | N7: 264 | O7: =N7/$N$42 -> 9.1034483 | P7: =((N7-$N$3)/$N$3) -> 0.15789474 | Q7: 348 | R7: =Q7/$Q$42 -> 11.6 | S7: =((Q7-$Q$3)/$Q$3) -> 0.22968198 | T7: 299 | U7: =T7/$T$42 -> 9.34375 | V7: =((T7-$T$3)/$T$3) -> -0.029220779 | W7: 318 | X7: =W7/$W$42 -> 12.230769 | Y7: =((W7-$W$3)/$W$3) -> -0.072886297 | Z7: 297 | AA7: =Z7/$Z$42 -> 8.7352941 | AB7: =((Z7-$Z$3)/$Z$3) -> 0.068345324 | AC7: 352 | AD7: =AC7/$AC$42 -> 11.354839 | AE7: =((AC7-$AC$3)/$AC$3) -> 0.038348083
A8: 5 | B8: 313 | C8: =B8/$B$42 -> 10.096774 | D8: =((B8-$B$3)/$B$3) -> 0.090592334 | E8: 280 | F8: =E8/$E$42 -> 9.0322581 | G8: =((E8-$E$3)/$E$3) -> 0.11553785 | H8: 324 | I8: =H8/$H$42 -> 5.8909091 | J8: =((H8-$H$3)/$H$3) -> -0.041420118 | K8: 292 | L8: =K8/$K$42 -> 11.230769 | M8: =((K8-$K$3)/$K$3) -> -0.023411371 | N8: 268 | O8: =N8/$N$42 -> 9.2413793 | P8: =((N8-$N$3)/$N$3) -> 0.1754386 | Q8: 348 | R8: =Q8/$Q$42 -> 11.6 | S8: =((Q8-$Q$3)/$Q$3) -> 0.22968198 | T8: 301 | U8: =T8/$T$42 -> 9.40625 | V8: =((T8-$T$3)/$T$3) -> -0.022727273 | W8: 308 | X8: =W8/$W$42 -> 11.846154 | Y8: =((W8-$W$3)/$W$3) -> -0.10204082 | Z8: 295 | AA8: =Z8/$Z$42 -> 8.6764706 | AB8: =((Z8-$Z$3)/$Z$3) -> 0.061151079 | AC8: 350 | AD8: =AC8/$AC$42 -> 11.290323 | AE8: =((AC8-$AC$3)/$AC$3) -> 0.032448378
A9: 6 | B9: 311 | C9: =B9/$B$42 -> 10.032258 | D9: =((B9-$B$3)/$B$3) -> 0.083623693 | E9: 283 | F9: =E9/$E$42 -> 9.1290323 | G9: =((E9-$E$3)/$E$3) -> 0.12749004 | H9: 321 | I9: =H9/$H$42 -> 5.8363636 | J9: =((H9-$H$3)/$H$3) -> -0.050295858 | K9: 284 | L9: =K9/$K$42 -> 10.923077 | M9: =((K9-$K$3)/$K$3) -> -0.050167224 | N9: 266 | O9: =N9/$N$42 -> 9.1724138 | P9: =((N9-$N$3)/$N$3) -> 0.16666667 | Q9: 347 | R9: =Q9/$Q$42 -> 11.566667 | S9: =((Q9-$Q$3)/$Q$3) -> 0.22614841 | T9: 306 | U9: =T9/$T$42 -> 9.5625 | V9: =((T9-$T$3)/$T$3) -> -0.0064935065 | W9: 301 | X9: =W9/$W$42 -> 11.576923 | Y9: =((W9-$W$3)/$W$3) -> -0.12244898 | Z9: 289 | AA9: =Z9/$Z$42 -> 8.5 | AB9: =((Z9-$Z$3)/$Z$3) -> 0.039568345 | AC9: 360 | AD9: =AC9/$AC$42 -> 11.612903 | AE9: =((AC9-$AC$3)/$AC$3) -> 0.061946903
A10: 7 | B10: 307 | C10: =B10/$B$42 -> 9.9032258 | D10: =((B10-$B$3)/$B$3) -> 0.069686411 | E10: 285 | F10: =E10/$E$42 -> 9.1935484 | G10: =((E10-$E$3)/$E$3) -> 0.13545817 | H10: 324 | I10: =H10/$H$42 -> 5.8909091 | J10: =((H10-$H$3)/$H$3) -> -0.041420118 | K10: 286 | L10: =K10/$K$42 -> 11 | M10: =((K10-$K$3)/$K$3) -> -0.043478261 | N10: 262 | O10: =N10/$N$42 -> 9.0344828 | P10: =((N10-$N$3)/$N$3) -> 0.14912281 | Q10: 344 | R10: =Q10/$Q$42 -> 11.466667 | S10: =((Q10-$Q$3)/$Q$3) -> 0.2155477 | T10: 301 | U10: =T10/$T$42 -> 9.40625 | V10: =((T10-$T$3)/$T$3) -> -0.022727273 | W10: 294 | X10: =W10/$W$42 -> 11.307692 | Y10: =((W10-$W$3)/$W$3) -> -0.14285714 | Z10: 289 | AA10: =Z10/$Z$42 -> 8.5 | AB10: =((Z10-$Z$3)/$Z$3) -> 0.039568345 | AC10: 370 | AD10: =AC10/$AC$42 -> 11.935484 | AE10: =((AC10-$AC$3)/$AC$3) -> 0.091445428
A11: 8 | B11: 301 | C11: =B11/$B$42 -> 9.7096774 | D11: =((B11-$B$3)/$B$3) -> 0.048780488 | E11: 290 | F11: =E11/$E$42 -> 9.3548387 | G11: =((E11-$E$3)/$E$3) -> 0.15537849 | H11: 332 | I11: =H11/$H$42 -> 6.0363636 | J11: =((H11-$H$3)/$H$3) -> -0.017751479 | K11: 290 | L11: =K11/$K$42 -> 11.153846 | M11: =((K11-$K$3)/$K$3) -> -0.030100334 | N11: 266 | O11: =N11/$N$42 -> 9.1724138 | P11: =((N11-$N$3)/$N$3) -> 0.16666667 | Q11: 340 | R11: =Q11/$Q$42 -> 11.333333 | S11: =((Q11-$Q$3)/$Q$3) -> 0.20141343 | T11: 300 | U11: =T11/$T$42 -> 9.375 | V11: =((T11-$T$3)/$T$3) -> -0.025974026 | W11: 287 | X11: =W11/$W$42 -> 11.038462 | Y11: =((W11-$W$3)/$W$3) -> -0.16326531 | Z11: 283 | AA11: =Z11/$Z$42 -> 8.3235294 | AB11: =((Z11-$Z$3)/$Z$3) -> 0.017985612 | AC11: 371 | AD11: =AC11/$AC$42 -> 11.967742 | AE11: =((AC11-$AC$3)/$AC$3) -> 0.09439528
A12: 9 | B12: 298 | C12: =B12/$B$42 -> 9.6129032 | D12: =((B12-$B$3)/$B$3) -> 0.038327526 | E12: 296 | F12: =E12/$E$42 -> 9.5483871 | G12: =((E12-$E$3)/$E$3) -> 0.17928287 | H12: 324 | I12: =H12/$H$42 -> 5.8909091 | J12: =((H12-$H$3)/$H$3) -> -0.041420118 | K12: 288 | L12: =K12/$K$42 -> 11.076923 | M12: =((K12-$K$3)/$K$3) -> -0.036789298 | N12: 262 | O12: =N12/$N$42 -> 9.0344828 | P12: =((N12-$N$3)/$N$3) -> 0.14912281 | Q12: 340 | R12: =Q12/$Q$42 -> 11.333333 | S12: =((Q12-$Q$3)/$Q$3) -> 0.20141343 | T12: 291 | U12: =T12/$T$42 -> 9.09375 | V12: =((T12-$T$3)/$T$3) -> -0.055194805 | W12: 286 | X12: =W12/$W$42 -> 11 | Y12: =((W12-$W$3)/$W$3) -> -0.16618076 | Z12: 288 | AA12: =Z12/$Z$42 -> 8.4705882 | AB12: =((Z12-$Z$3)/$Z$3) -> 0.035971223 | AC12: 372 | AD12: =AC12/$AC$42 -> 12 | AE12: =((AC12-$AC$3)/$AC$3) -> 0.097345133
A13: 10 | B13: 307 | C13: =B13/$B$42 -> 9.9032258 | D13: =((B13-$B$3)/$B$3) -> 0.069686411 | E13: 303 | F13: =E13/$E$42 -> 9.7741935 | G13: =((E13-$E$3)/$E$3) -> 0.20717131 | H13: 327 | I13: =H13/$H$42 -> 5.9454545 | J13: =((H13-$H$3)/$H$3) -> -0.032544379 | K13: 290 | L13: =K13/$K$42 -> 11.153846 | M13: =((K13-$K$3)/$K$3) -> -0.030100334 | N13: 265 | O13: =N13/$N$42 -> 9.137931 | P13: =((N13-$N$3)/$N$3) -> 0.1622807 | Q13: 337 | R13: =Q13/$Q$42 -> 11.233333 | S13: =((Q13-$Q$3)/$Q$3) -> 0.19081272 | T13: 287 | U13: =T13/$T$42 -> 8.96875 | V13: =((T13-$T$3)/$T$3) -> -0.068181818 | W13: 284 | X13: =W13/$W$42 -> 10.923077 | Y13: =((W13-$W$3)/$W$3) -> -0.17201166 | Z13: 281 | AA13: =Z13/$Z$42 -> 8.2647059 | AB13: =((Z13-$Z$3)/$Z$3) -> 0.010791367 | AC13: 376 | AD13: =AC13/$AC$42 -> 12.129032 | AE13: =((AC13-$AC$3)/$AC$3) -> 0.10914454
A14: 11 | B14: 301 | C14: =B14/$B$42 -> 9.7096774 | D14: =((B14-$B$3)/$B$3) -> 0.048780488 | E14: 304 | F14: =E14/$E$42 -> 9.8064516 | G14: =((E14-$E$3)/$E$3) -> 0.21115538 | H14: 324 | I14: =H14/$H$42 -> 5.8909091 | J14: =((H14-$H$3)/$H$3) -> -0.041420118 | K14: 284 | L14: =K14/$K$42 -> 10.923077 | M14: =((K14-$K$3)/$K$3) -> -0.050167224 | N14: 271 | O14: =N14/$N$42 -> 9.3448276 | P14: =((N14-$N$3)/$N$3) -> 0.18859649 | Q14: 335 | R14: =Q14/$Q$42 -> 11.166667 | S14: =((Q14-$Q$3)/$Q$3) -> 0.18374558 | T14: 280 | U14: =T14/$T$42 -> 8.75 | V14: =((T14-$T$3)/$T$3) -> -0.090909091 | W14: 286 | X14: =W14/$W$42 -> 11 | Y14: =((W14-$W$3)/$W$3) -> -0.16618076 | Z14: 286 | AA14: =Z14/$Z$42 -> 8.4117647 | AB14: =((Z14-$Z$3)/$Z$3) -> 0.028776978 | AC14: 374 | AD14: =AC14/$AC$42 -> 12.064516 | AE14: =((AC14-$AC$3)/$AC$3) -> 0.10324484
... A38: 35 | B38: 296 | C38: =B38/$B$42 -> 9.5483871 | D38: =((B38-$B$3)/$B$3) -> 0.031358885 | E38: 343 | F38: =E38/$E$42 -> 11.064516 | G38: =((E38-$E$3)/$E$3) -> 0.36653386 | H38: 576 | I38: =H38/$H$42 -> 10.472727 | J38: =((H38-$H$3)/$H$3) -> 0.70414201 | K38: 272 | L38: =K38/$K$42 -> 10.461538 | M38: =((K38-$K$3)/$K$3) -> -0.090301003 | N38: 329 | O38: =N38/$N$42 -> 11.344828 | P38: =((N38-$N$3)/$N$3) -> 0.44298246 | Q38: 355 | R38: =Q38/$Q$42 -> 11.833333 | S38: =((Q38-$Q$3)/$Q$3) -> 0.25441696 | T38: 344 | U38: =T38/$T$42 -> 10.75 | V38: =((T38-$T$3)/$T$3) -> 0.11688312 | W38: 304 | X38: =W38/$W$42 -> 11.692308 | Y38: =((W38-$W$3)/$W$3) -> -0.11370262 | Z38: 339 | AA38: =Z38/$Z$42 -> 9.9705882 | AB38: =((Z38-$Z$3)/$Z$3) -> 0.21942446 | AC38: 386 | AD38: =AC38/$AC$42 -> 12.451613 | AE38: =((AC38-$AC$3)/$AC$3) -> 0.13864307
A39: 36
A41: % rosa sfruttata | B41: =Punteggio!B39/'Bonus-Malus'!AH10 -> 0.59072817 | E41: =Punteggio!D39/'Bonus-Malus'!AH2 -> 0.56945201 | H41: =Punteggio!F39/'Bonus-Malus'!AH11 -> 0.54172282 | K41: =Punteggio!H39/'Bonus-Malus'!AH3 -> 0.65886068 | N41: =Punteggio!J39/'Bonus-Malus'!AH4 -> 0.68109281 | Q41: =Punteggio!L39/'Bonus-Malus'!AH5 -> 0.5445587 | T41: =Punteggio!N39/'Bonus-Malus'!AH7 -> 0.62063168 | W41: =Punteggio!P39/'Bonus-Malus'!AH6 -> 0.62835202 | Z41: =Punteggio!R39/'Bonus-Malus'!AH8 -> 0.64229897 | AC41: =Punteggio!T39/'Bonus-Malus'!AH9 -> 0.48175857
A42: Numero Giocatori | B42: 31 | E42: 31 | H42: 55 | K42: 26 | N42: 29 | Q42: 30 | T42: 32 | W42: 26 | Z42: 34 | AC42: 31
A79: Andamento Valore Rosa | B79: =INDEX(D3:D39,MATCH('RAW DATA andamento'!$B$57,'Valore Rosa'!$A$3:$A$39,0)) -> 0.031358885 | E79: =INDEX(G3:G39,MATCH('RAW DATA andamento'!$B$57,'Valore Rosa'!$A$3:$A$39,0)) -> 0.36653386 | H79: =INDEX(J3:J39,MATCH('RAW DATA andamento'!$B$57,'Valore Rosa'!$A$3:$A$39,0)) -> 0.70414201 | K79: =INDEX(M3:M39,MATCH('RAW DATA andamento'!$B$57,'Valore Rosa'!$A$3:$A$39,0)) -> -0.090301003 | N79: =INDEX(P3:P39,MATCH('RAW DATA andamento'!$B$57,'Valore Rosa'!$A$3:$A$39,0)) -> 0.44298246 | Q79: =INDEX(S3:S39,MATCH('RAW DATA andamento'!$B$57,'Valore Rosa'!$A$3:$A$39,0)) -> 0.25441696 | T79: =INDEX(V3:V39,MATCH('RAW DATA andamento'!$B$57,'Valore Rosa'!$A$3:$A$39,0)) -> 0.11688312 | W79: =INDEX(Y3:Y39,MATCH('RAW DATA andamento'!$B$57,'Valore Rosa'!$A$3:$A$39,0)) -> -0.11370262 | Z79: =INDEX(AB3:AB39,MATCH('RAW DATA andamento'!$B$57,'Valore Rosa'!$A$3:$A$39,0)) -> 0.21942446 | AC79: =INDEX(AE3:AE39,MATCH('RAW DATA andamento'!$B$57,'Valore Rosa'!$A$3:$A$39,0)) -> 0.13864307

Sheet Totali Partite dal 2016
A1: Squadra | B1: Partite Giocate | C1: Partite Vinte | D1: % Vittorie | E1: Partite Pareggiate | F1: % Pareggi | G1: Partite Perse | H1: % Sconfitte | I1: Gol Fatti | J1: Gol Subiti | K1: Diff. Reti | L1: Fantapunti
A2: DELU TEAM | B2: 322 | C2: 133 | D2: 0.41304348 | E2: 72 | F2: 0.22360248 | G2: 117 | H2: 0.36335404 | I2: 623 | J2: 578 | K2: 45 | L2: 23913.5
A3: MAMBO FC | B3: 322 | C3: 122 | D3: 0.37888199 | E3: 78 | F3: 0.24223602 | G3: 122 | H3: 0.37888199 | I3: 562 | J3: 546 | K3: 16 | L3: 23562
A4: MANZOTEAM | B4: 322 | C4: 134 | D4: 0.41614907 | E4: 64 | F4: 0.19875776 | G4: 124 | H4: 0.38509317 | I4: 625 | J4: 593 | K4: 32 | L4: 23904.5
A5: MOJITO FC | B5: 322 | C5: 120 | D5: 0.37267081 | E5: 57 | F5: 0.17701863 | G5: 145 | H5: 0.45031056 | I5: 527 | J5: 591 | K5: -64 | L5: 23376
A6: PATATINAIKOS | B6: 322 | C6: 113 | D6: 0.35093168 | E6: 83 | F6: 0.25776398 | G6: 126 | H6: 0.39130435 | I6: 570 | J6: 602 | K6: -32 | L6: 23606.5
A7: RCD SUERTE | B7: 250 | C7: 101 | D7: 0.404 | E7: 61 | F7: 0.244 | G7: 88 | H7: 0.352 | I7: 464 | J7: 425 | K7: 39 | L7: 18399.5
A8: SAMPMANIA | B8: 322 | C8: 121 | D8: 0.3757764 | E8: 70 | F8: 0.2173913 | G8: 131 | H8: 0.4068323 | I8: 549 | J8: 559 | K8: -10 | L8: 23431
A9: SPACCA CFC | B9: 322 | C9: 132 | D9: 0.40993789 | E9: 71 | F9: 0.22049689 | G9: 119 | H9: 0.36956522 | I9: 574 | J9: 568 | K9: 6 | L9: 23550
A10: STRAW DOGS | B10: 250 | C10: 104 | D10: 0.416 | E10: 55 | F10: 0.22 | G10: 91 | H10: 0.364 | I10: 430 | J10: 420 | K10: 10 | L10: 18213
A11: TROFIE 'NFOIATE | B11: 322 | C11: 126 | D11: 0.39130435 | E11: 79 | F11: 0.24534161 | G11: 117 | H11: 0.36335404 | I11: 600 | J11: 583 | K11: 17 | L11: 23802

Sheet Totali Bonus Malus dal 2017
A1: Squadra | B1: Gol Totali | C1: Dif. | D1: Cent. | E1: Att. | F1: Assist Tot. | G1: Dif. | H1: Cent. | I1: Att. | J1: Gol Pareggio | K1: Gol Vittoria | L1: Ammonizioni | M1: Espulsioni | N1: Gol Subiti | O1: Imbattibilità | P1: Autogol | Q1: Gol Panchina | R1: Assist Panchina | S1: Rig Segnati | T1: Rig. Sbagliati | U1: Rig. Parati | V1: Partite Modificatore | W1: Punti Modificatore | X1: Tot. Punti Bonus | Y1: Tot. Punti Malus | Z1: Punti Rosa
A2: DELU TEAM | B2: 470 | C2: 65 | D2: 127 | E2: 278 | F2: 273 | G2: 72 | H2: 118 | I2: 83 | J2: 28 | K2: 142 | L2: 371 | M2: 18 | N2: 293 | O2: 101 | P2: 8 | Q2: 18 | R2: 15 | S2: 82 | T2: 24 | U2: 9 | V2: 207 | W2: 233 | X2: 1835.5 | Y2: 517.5 | Z2: 33271.5
A3: MAMBO FC | B3: 455 | C3: 53 | D3: 143 | E3: 259 | F3: 253 | G3: 56 | H3: 103 | I3: 94 | J3: 33 | K3: 133 | L3: 380 | M3: 24 | N3: 272 | O3: 101 | P3: 6 | Q3: 26 | R3: 10 | S3: 42 | T3: 13 | U3: 6 | V3: 97 | W3: 104 | X3: 1750.5 | Y3: 474.5 | Z3: 33811.5
A4: MANZOTEAM | B4: 505 | C4: 62 | D4: 159 | E4: 284 | F4: 263 | G4: 72 | H4: 112 | I4: 79 | J4: 32 | K4: 143 | L4: 426 | M4: 22 | N4: 307 | O4: 68 | P4: 7 | Q4: 14 | R4: 7 | S4: 84 | T4: 18 | U4: 3 | V4: 119 | W4: 170 | X4: 1848.5 | Y4: 539.5 | Z4: 32999.5
A5: MOJITO FC | B5: 397 | C5: 43 | D5: 130 | E5: 224 | F5: 222 | G5: 43 | H5: 103 | I5: 76 | J5: 28 | K5: 111 | L5: 410 | M5: 21 | N5: 315 | O5: 95 | P5: 7 | Q5: 21 | R5: 11 | S5: 41 | T5: 7 | U5: 3 | V5: 138 | W5: 163 | X5: 1507.5 | Y5: 533 | Z5: 30925.5
A6: PATATINAIKOS | B6: 422 | C6: 56 | D6: 157 | E6: 209 | F6: 269 | G6: 59 | H6: 125 | I6: 85 | J6: 26 | K6: 129 | L6: 392 | M6: 18 | N6: 296 | O6: 102 | P6: 9 | Q6: 24 | R6: 12 | S6: 40 | T6: 10 | U6: 8 | V6: 160 | W6: 176 | X6: 1656 | Y6: 473.5 | Z6: 31875
A7: RCD SUERTE | B7: 380 | C7: 56 | D7: 83 | E7: 241 | F7: 225 | G7: 52 | H7: 91 | I7: 82 | J7: 15 | K7: 105 | L7: 379 | M7: 16 | N7: 247 | O7: 95 | P7: 5 | Q7: 18 | R7: 19 | S7: 51 | T7: 16 | U7: 7 | V7: 186 | W7: 233 | X7: 1663.5 | Y7: 509.5 | Z7: 28666
A8: SAMPMANIA | B8: 423 | C8: 42 | D8: 159 | E8: 222 | F8: 247 | G8: 39 | H8: 131 | I8: 77 | J8: 16 | K8: 126 | L8: 437 | M8: 25 | N8: 267 | O8: 104 | P8: 4 | Q8: 25 | R8: 15 | S8: 69 | T8: 17 | U8: 4 | V8: 70 | W8: 89 | X8: 1594 | Y8: 481.5 | Z8: 30688
A9: SPACCA CFC | B9: 448 | C9: 53 | D9: 158 | E9: 237 | F9: 257 | G9: 50 | H9: 116 | I9: 91 | J9: 23 | K9: 120 | L9: 452 | M9: 17 | N9: 304 | O9: 95 | P9: 13 | Q9: 21 | R9: 11 | S9: 41 | T9: 19 | U9: 8 | V9: 58 | W9: 79 | X9: 1664 | Y9: 565.5 | Z9: 33498.5
A10: STRAW DOGS | B10: 355 | C10: 40 | D10: 121 | E10: 194 | F10: 208 | G10: 41 | H10: 93 | I10: 74 | J10: 29 | K10: 99 | L10: 387 | M10: 24 | N10: 294 | O10: 75 | P10: 7 | Q10: 16 | R10: 8 | S10: 41 | T10: 10 | U10: 9 | V10: 104 | W10: 141 | X10: 1582 | Y10: 555 | Z10: 28162
A11: TROFIE 'NFOIATE | B11: 460 | C11: 65 | D11: 128 | E11: 267 | F11: 225 | G11: 56 | H11: 79 | I11: 90 | J11: 23 | K11: 138 | L11: 426 | M11: 18 | N11: 344 | O11: 81 | P11: 7 | Q11: 28 | R11: 19 | S11: 63 | T11: 10 | U11: 9 | V11: 216 | W11: 279 | X11: 1736.5 | Y11: 599 | Z11: 32885.5
A18: Gol e assist panchina, Modificatore e Punti Bonus e Malus introdotti nel 2018-2019

Sheet Albo D'Oro
A1: Trofei | B1: Scudetto | C1: Coppa Italia | D1: Champions League | E1: Europa League | F1: Supercoppa Italiana | G1: Supercoppa Europea | H1: Coppa Intercont. | I1: Coppa Highlander | J1: Totale Trofei
A2: STRAW DOGS | B2: 1 | C2: 0 | D2: 3 | E2: 1 | F2: 0 | G2: 2 | H2: 0 | I2: 0 | J2: =SUM(B2:I2) -> 7
A3: DELU TEAM | B3: 6 | C3: 3 | D3: 4 | E3: 2 | F3: 4 | G3: 1 | H3: 0 | I3: 1 | J3: =SUM(B3:I3) -> 21
A4: TROFIE 'NFOIATE | B4: 0 | C4: 1 | D4: 0 | E4: 2 | F4: 0 | G4: 1 | H4: 0 | I4: 0 | J4: =SUM(B4:I4) -> 4
A5: MAMBO FC | B5: 1 | C5: 2 | D5: 1 | E5: 2 | F5: 2 | G5: 2 | H5: 2 | I5: 0 | J5: =SUM(B5:I5) -> 12
A6: MANZOTEAM | B6: 0 | C6: 3 | D6: 0 | E6: 2 | F6: 2 | G6: 2 | H6: 2 | I6: 0 | J6: =SUM(B6:I6) -> 11
A7: MOJITO FC | B7: 0 | C7: 2 | D7: 1 | E7: 1 | F7: 1 | G7: 1 | H7: 3 | I7: 0 | J7: =SUM(B7:I7) -> 9
A8: RCD SUERTE | B8: 2 | C8: 0 | D8: 1 | E8: 0 | F8: 1 | G8: 1 | H8: 1 | I8: 0 | J8: =SUM(B8:I8) -> 6
A9: PATATINAIKOS | B9: 5 | C9: 3 | D9: 1 | E9: 2 | F9: 2 | G9: 1 | H9: 1 | I9: 0 | J9: =SUM(B9:I9) -> 15
A10: SAMPMANIA | B10: 1 | C10: 0 | D10: 2 | E10: 1 | F10: 1 | G10: 1 | H10: 0 | I10: 0 | J10: =SUM(B10:I10) -> 6
A11: SPACCA CFC | B11: 1 | C11: 3 | D11: 2 | E11: 0 | F11: 2 | G11: 0 | H11: 0 | I11: 1 | J11: =SUM(B11:I11) -> 9
A13: Posizione Campionato dal 2017 | B13: 2016-2017 | C13: 2017-2018 | D13: 2018-2019 | E13: 2019-2020 | F13: 2020-2021 | G13: 2021-2022 | H13: 2022-2023 | I13: 2023-2024 | J13: 2024-2025 | K13: 2025-2026
A14: STRAW DOGS | D14: 8 | E14: 10 | F14: 3 | G14: 2 | H14: 2 | I14: 2 | J14: 5 | K14: 5
A15: DELU TEAM | B15: 1 | C15: 7 | D15: 4 | E15: 5 | F15: 4 | G15: 9 | H15: 8 | I15: 1 | J15: 6 | K15: 1
A16: TROFIE 'NFOIATE | B16: 5 | C16: 9 | D16: 5 | E16: 2 | F16: 2 | G16: 8 | H16: 3 | I16: 6 | J16: 10 | K16: 4
A17: MAMBO FC | B17: 9 | C17: 3 | D17: 6 | E17: 4 | F17: 8 | G17: 6 | H17: 1 | I17: 8 | J17: 7 | K17: 10
A18: MANZOTEAM | B18: 8 | C18: 4 | D18: 2 | E18: 7 | F18: 5 | G18: 3 | H18: 7 | I18: 5 | J18: 4 | K18: 3
A19: MOJITO FC | B19: 6 | C19: 6 | D19: 9 | E19: 8 | F19: 6 | G19: 4 | H19: 5 | I19: 3 | J19: 9 | K19: 9
A20: RCD SUERTE | D20: 3 | E20: 3 | F20: 1 | G20: 1 | H20: 10 | I20: 7 | J20: 8 | K20: 6
A21: PATATINAIKOS | B21: 4 | C21: 1 | D21: 10 | E21: 1 | F21: 9 | G21: 7 | H21: 9 | I21: 10 | J21: 1 | K21: 8
A22: SAMPMANIA | B22: 2 | C22: 5 | D22: 7 | E22: 9 | F22: 7 | G22: 5 | H22: 6 | I22: 9 | J22: 3 | K22: 7
A23: SPACCA CFC | B23: 3 | C23: 2 | D23: 1 | E23: 6 | F23: 10 | G23: 10 | H23: 4 | I23: 4 | J23: 2 | K23: 2
A45: €€€ dal 2015 | B45: 2014-2015 | C45: 2015-2016 | D45: 2016-2017 | E45: 2017-2018 | F45: 2018-2019 | G45: 2020-2021 | H45: 2021-2022 | I45: 2022-2023 | J45: 2023-2024 | K45: 2024-2025 | L45: 2025-2026 | M45: Saldo
A46: STRAW DOGS | F46: -155 | G46: 45 | H46: 275 | I46: 275 | J46: 140 | K46: -160 | L46: -160 | M46: =SUM(B46:L46) -> 260
A47: DELU TEAM | B47: 225 | C47: 155 | D47: 340 | E47: -155 | F47: 25 | G47: 170 | H47: -170 | I47: -155 | J47: 425 | K47: -55 | L47: 335 | M47: =SUM(B47:L47) -> 1140
A48: TROFIE 'NFOIATE | C48: 55 | D48: -125 | E48: -145 | F48: -110 | G48: 0 | H48: -155 | I48: 70 | J48: -10 | K48: -105 | L48: 80 | M48: =SUM(B48:L48) -> -445
A49: MAMBO FC | C49: -107.5 | D49: -170 | E49: 165 | F49: -65 | G49: -85 | H49: 10 | I49: 515 | J49: -105 | K49: -135 | L49: -140 | M49: =SUM(B49:L49) -> -117.5
A50: MANZOTEAM | B50: -155 | C50: 27.5 | D50: 15 | E50: 70 | F50: 255 | G50: -35 | H50: 45 | I50: -155 | J50: -40 | K50: 45 | L50: 220 | M50: =SUM(B50:L50) -> 292.5
A51: MOJITO FC | B51: 10 | C51: -85 | D51: -155 | E51: -115 | F51: -170 | G51: -110 | H51: 70 | I51: -45 | J51: 40 | K51: -95 | L51: -175 | M51: =SUM(B51:L51) -> -830
A52: RCD SUERTE | F52: 45 | G52: 445 | H52: 350 | I52: -180 | J52: -160 | K52: -160 | L52: -135 | M52: =SUM(B52:L52) -> 205
A53: PATATINAIKOS | B53: 325 | C53: -75 | D53: -30 | E53: 475 | F53: -155 | G53: -105 | H53: -115 | I53: -170 | J53: -185 | K53: 290 | L53: -80 | M53: =SUM(B53:L53) -> 175
A54: SAMPMANIA | B54: -180 | C54: 435 | D54: 300 | E54: -155 | F54: -115 | G54: -155 | H54: -130 | I54: -155 | J54: -150 | K54: 40 | L54: -110 | M54: =SUM(B54:L54) -> -375
A55: SPACCA CFC | B55: 20 | C55: -180 | D55: 25 | E55: 195 | F55: 445 | G55: -170 | H55: -180 | I55: 0 | J55: 45 | K55: 335 | L55: 165 | M55: =SUM(B55:L55) -> 700

Sheet Previsioni
A1: Posizione | B1: STRAW DOGS | D1: DELU TEAM | F1: TROFIE 'NFOIATE | H1: MAMBO FC | J1: MANZOTEAM | L1: MOJITO FC | N1: RCD SUERTE | P1: PATATINAIKOS | R1: SAMPMANIA | T1: SPACCA CFC
A2: 1 | B2: Delu Team | D2: Mojito FC | F2: Spacca CFC | H2: Patatinaikos | J2: Mojito FC | L2: RCD Suerte | N2: Mambo FC | P2: Sampmania | R2: Patatinaikos
A3: 2 | B3: Mojito FC | D3: Spacca CFC | F3: Patatinaikos | H3: Delu Team | J3: Patatinaikos | L3: Mojito FC | N3: Patatinaikos | P3: Spacca CFC | R3: Mambo FC
A4: 3 | B4: Spacca CFC | D4: Sampmania | F4: Trofie 'N Foiate | H4: Manzo Team | J4: Mambo FC | L4: Sampmania | N4: Mojito FC | P4: Straw Dogs | R4: Sampmania
A5: 4 | B5: Straw Dogs | D5: Manzo Team | F5: Mambo FC | H5: Mojito FC | J5: Strow Dogs | L5: Straw Dogs | N5: Straw Dogs | P5: Delu Team | R5: Mojito FC
A6: 5 | B6: Patatinaikos | D6: Patatinaikos | F6: RCD Suerte | H6: Spacca CFC | J6: Delu Team | L6: Mambo FC | N6: Trofie 'N Foiate | P6: Mojito FC | R6: RCD Suerte
A7: 6 | B7: RCD Suerte | D7: Dalu Team | F7: Straw Dogs | H7: Straw Dogs | J7: Sampmania | L7: Manzo Team | N7: Delu Team | P7: Mambo FC | R7: Delu Team
A8: 7 | B8: Trofie 'N Foiate | D8: Mambo FC | F8: Sampmania | H8: Mambo FC | J8: Spacca CFC | L8: Patatinaikos | N8: Sampmania | P8: Patatinaikos | R8: Straw Dogs
A9: 8 | B9: Manzo Team | D9: Straw Dogs | F9: Mojito FC | H9: Sampmania | J9: RCD Suerte | L9: Spacca CFC | N9: Spacca CFC | P9: Manzo Team | R9: Manzo Team
A10: 9 | B10: Sampmania | D10: Trofie 'N Foiate | F10: Delu Team | H10: RCD Suerte | J10: Manzo Team | L10: Delu Team | N10: RCD Suerte | P10: Trofie 'N Foiate | R10: Spacca CFC
A11: 10 | B11: Mambo FC | D11: RCD Suerte | F11: Manzo Team | H11: Trofie 'N Foiate | J11: Trofie 'N Foiate | L11: Trofie 'N Foiate | N11: Manzo Team | P11: RCD Suerte | R11: Trofie 'N Foiate

Sheet RAW DATA andamento
B1: Straw Dogs | C1: Delu Team | D1: Trofie 'nfoiate | E1: Mambo FC | F1: Manzoteam | G1: Mojito FC | H1: RCD Suerte | I1: Patatinaikos | J1: Sampmania | K1: Spacca CFC
A2: 1 | B2: 1.0002 | C2: -0.111 | D2: -0.111 | E2: 1.0002 | F2: -0.8888 | G2: -1.6665 | H2: -0.1111 | I2: -0.1111 | J2: 0 | K2: 1.0002
A3: 2 | B3: 0.2226 | C3: -0.8886 | D3: -0.111 | E3: -0.4441 | F3: 1.1113 | G3: -1.8887 | H3: -1.5554 | I3: 0.6667 | J3: 0.3336 | K3: 1.778
A4: 3 | B4: -0.3329 | C4: 0.7782 | D4: 0.5559 | E4: -1.9995 | F4: 1.7782 | G4: -0.2219 | H4: -2.1109 | I4: 0.1112 | J4: 0.3336 | K4: 2.4449
A5: 4 | B5: 0.6673 | C5: 0.6671 | D5: 1.5561 | E5: -2.2216 | F5: 0.7783 | G5: -0.333 | H5: -1.1107 | I5: -0.1109 | J5: -0.6663 | K5: 3.4451
A6: 5 | B6: 0.4451 | C6: -0.4439 | D6: 3.5562 | E6: -0.8881 | F6: -1.6659 | G6: 0.3339 | H6: -1.1107 | I6: -0.3331 | J6: 0.6672 | K6: 3.2229
A7: 6 | B7: 0.7787 | C7: 0.5563 | D7: 1.4453 | E7: -0.7769 | F7: 1.0008 | G7: -0.4438 | H7: -1.1107 | I7: -1.1108 | J7: 0.6672 | K7: 3.3341
A8: 7 | B8: 3.4454 | C8: 1.8898 | D8: 1.7789 | E8: -2.2211 | F8: 0.3342 | G8: -1.888 | H8: -1.1107 | I8: -1.7774 | J8: 1.0008 | K8: 2.6675
A9: 8 | B9: 3.3343 | C9: 4.001 | D9: 0.2236 | E9: -0.8876 | F9: 6.3342 | G9: -0.4433 | H9: -1.2218 | I9: -2.6662 | J9: 3.3342 | K9: 4.001
A10: 9 | B10: 2.6677 | C10: 1.6679 | D10: 0.4459 | E10: -0.6653 | F10: 4.6677 | G10: -0.7766 | H10: -1.2218 | I10: -4.4438 | J10: 0.6678 | K10: 1.3346
A11: 10 | B11: 3.3346 | C11: -0.7763 | D11: 0.4459 | E11: -0.8875 | F11: 4.4455 | G11: -0.9988 | H11: 0.7783 | I11: -5.777 | J11: 2.6679 | K11: 3.3347
A12: 11 | B12: 3.3346 | C12: -0.4427 | D12: -0.1096 | E12: -2.554 | F12: 6.1123 | G12: -1.5543 | H12: 2.4451 | I12: -4.1102 | J12: 3.0015 | K12: 2.7792
A13: 12 | B13: 5.668 | C13: -1.998 | D13: 1.2239 | E13: -2.6651 | F13: 6.1123 | G13: -2.4431 | H13: 0.8898 | I13: -2.7767 | J13: 2.1127 | K13: 2.6681
... A35: 34 | B35: 11.1148 | C35: 10.1157 | D35: 0.1158 | E35: -6.7739 | F35: 0.2264 | G35: -5.3296 | H35: 1.1148 | I35: -4.5523 | J35: -0.5519 | K35: 10.4485
A36: 35 | B36: =IF($A36=$B$57,FantaCulo!$B$40,0) -> 11.7817 | C36: =IF($A36=$B$57,FantaCulo!$F$40,0) -> 12.1158 | D36: =IF($A36=$B$57,FantaCulo!$J$40,0) -> 0.8936 | E36: =IF($A36=$B$57,FantaCulo!$N$40,0) -> -6.9961 | F36: =IF($A36=$B$57,FantaCulo!$R$40,0) -> -2.1067 | G36: =IF($A36=$B$57,FantaCulo!$V$40,0) -> -4.5518 | H36: =IF($A36=$B$57,FantaCulo!$Z$40,0) -> 0.115 | I36: =IF($A36=$B$57,FantaCulo!$AD$40,0) -> -6.8854 | J36: =IF($A36=$B$57,FantaCulo!$AH$40,0) -> -2.1073 | K36: =IF($A36=$B$57,FantaCulo!$AL$40,0) -> 9.4487
A37: 36
B39: Straw Dogs | C39: Delu Team | D39: Trofie 'nfoiate | E39: Mambo FC | F39: Manzoteam | G39: Mojito FC | H39: RCD Suerte | I39: Patatinaikos | J39: Sampmania | K39: Spacca CFC
A40: Culo | B40: =COUNTIFS(FantaCulo!E$3:E$38,">0,2 ", FantaCulo!E$3:E$38,"< 3") -> 17 | C40: =COUNTIFS(FantaCulo!I$3:I$38,">0,2 ", FantaCulo!I$3:I$38,"< 3") -> 19 | D40: =COUNTIFS(FantaCulo!M$3:M$38,">0,2 ", FantaCulo!M$3:M$38,"< 3") -> 16 | E40: =COUNTIFS(FantaCulo!Q$3:Q$38,">0,2 ", FantaCulo!Q$3:Q$38,"< 3") -> 11 | F40: =COUNTIFS(FantaCulo!U$3:U$38,">0,2 ", FantaCulo!U$3:U$38,"< 3") -> 14 | G40: =COUNTIFS(FantaCulo!Y$3:Y$38,">0,2 ", FantaCulo!Y$3:Y$38,"< 3") -> 11 | H40: =COUNTIFS(FantaCulo!AC$3:AC$38,">0,2 ", FantaCulo!AC$3:AC$38,"< 3") -> 11 | I40: =COUNTIFS(FantaCulo!AG$3:AG$38,">0,2 ", FantaCulo!AG$3:AG$38,"< 3") -> 9 | J40: =COUNTIFS(FantaCulo!AK$3:AK$38,">0,2 ", FantaCulo!AK$3:AK$38,"< 3") -> 12 | K40: =COUNTIFS(FantaCulo!AO$3:AO$38,">0,2 ", FantaCulo!AO$3:AO$38,"< 3") -> 17
A41: Meritato | B41: =COUNTIFS(FantaCulo!E$3:E$38,">-0,2 ", FantaCulo!E$3:E$38,"< 0,2") -> 4 | C41: =COUNTIFS(FantaCulo!I$3:I$38,">-0,2 ", FantaCulo!I$3:I$38,"< 0,2") -> 7 | D41: =COUNTIFS(FantaCulo!M$3:M$38,">-0,2 ", FantaCulo!M$3:M$38,"< 0,2") -> 4 | E41: =COUNTIFS(FantaCulo!Q$3:Q$38,">-0,2 ", FantaCulo!Q$3:Q$38,"< 0,2") -> 7 | F41: =COUNTIFS(FantaCulo!U$3:U$38,">-0,2 ", FantaCulo!U$3:U$38,"< 0,2") -> 4 | G41: =COUNTIFS(FantaCulo!Y$3:Y$38,">-0,2 ", FantaCulo!Y$3:Y$38,"< 0,2") -> 2 | H41: =COUNTIFS(FantaCulo!AC$3:AC$38,">-0,2 ", FantaCulo!AC$3:AC$38,"< 0,2") -> 8 | I41: =COUNTIFS(FantaCulo!AG$3:AG$38,">-0,2 ", FantaCulo!AG$3:AG$38,"< 0,2") -> 6 | J41: =COUNTIFS(FantaCulo!AK$3:AK$38,">-0,2 ", FantaCulo!AK$3:AK$38,"< 0,2") -> 6 | K41: =COUNTIFS(FantaCulo!AO$3:AO$38,">-0,2 ", FantaCulo!AO$3:AO$38,"< 0,2") -> 5
A42: Sfiga | B42: =COUNTIFS(FantaCulo!E$3:E$38,">-3 ", FantaCulo!E$3:E$38,"< -0,2") -> 14 | C42: =COUNTIFS(FantaCulo!I$3:I$38,">-3 ", FantaCulo!I$3:I$38,"< -0,2") -> 9 | D42: =COUNTIFS(FantaCulo!M$3:M$38,">-3 ", FantaCulo!M$3:M$38,"< -0,2") -> 15 | E42: =COUNTIFS(FantaCulo!Q$3:Q$38,">-3 ", FantaCulo!Q$3:Q$38,"< -0,2") -> 17 | F42: =COUNTIFS(FantaCulo!U$3:U$38,">-3 ", FantaCulo!U$3:U$38,"< -0,2") -> 16 | G42: =COUNTIFS(FantaCulo!Y$3:Y$38,">-3 ", FantaCulo!Y$3:Y$38,"< -0,2") -> 22 | H42: =COUNTIFS(FantaCulo!AC$3:AC$38,">-3 ", FantaCulo!AC$3:AC$38,"< -0,2") -> 16 | I42: =COUNTIFS(FantaCulo!AG$3:AG$38,">-3 ", FantaCulo!AG$3:AG$38,"< -0,2") -> 20 | J42: =COUNTIFS(FantaCulo!AK$3:AK$38,">-3 ", FantaCulo!AK$3:AK$38,"< -0,2") -> 17 | K42: =COUNTIFS(FantaCulo!AO$3:AO$38,">-3 ", FantaCulo!AO$3:AO$38,"< -0,2") -> 13
A45: 1° | B45: 25 | D45: Manzoteam | E45: 83.5
A46: 2° | B46: 18 | D46: Straw Dogs | E46: 80
A47: 3° | B47: 15 | D47: Patatinaikos | E47: 78
A48: 4° | B48: 12 | D48: Sampmania | E48: 76
A49: 5° | B49: 10 | D49: Spacca CFC | E49: 74
A50: 6° | B50: 8 | D50: RCD Suerte | E50: 72.5
A51: 7° | B51: 6 | D51: Trofie 'Nfoiate | E51: 71.5
A52: 8° | B52: 4 | D52: Delu Team | E52: 71
A53: 9° | B53: 2 | D53: Mojito FC | E53: 65.5
A54: 10° | B54: 1 | D54: Mambo FC | E54: 53.5
A57: Giornata | B57: 35

Sheet Calcolo Delta
B1: STRAWDOGS | G1: DELU TEAM | L1: TROFIE 'NFOIATE | Q1: MAMBO FC | V1: MANZOTEAM | AA1: MOJITO FC | AF1: RCD SUERTE | AK1: PATATINAIKOS | AP1: SAMPMANIA | AU1: SPACCA CFC
A2: Giornata | B2: Punti | C2: Punti Scorso | D2: Cumul. Punti | E2: Cumul. Punti Scorso | F2: Delta Punti | G2: Punti | H2: Punti Scorso | I2: Cumul. Punti | J2: Cumul. Punti Scorso | K2: Delta Punti | L2: Punti | M2: Punti Scorso | N2: Cumul. Punti | O2: Cumul. Punti Scorso | P2: Delta Punti | Q2: Punti | R2: Punti Scorso | S2: Cumul. Punti | T2: Cumul. Punti Scorso | U2: Delta Punti | V2: Punti | W2: Punti Scorso | X2: Cumul. Punti | Y2: Cumul. Punti Scorso | Z2: Delta Punti | AA2: Punti | AB2: Punti Scorso | AC2: Cumul. Punti | AD2: Cumul. Punti Scorso | AE2: Delta Punti | AF2: Punti | AG2: Punti Scorso | AH2: Cumul. Punti | AI2: Cumul. Punti Scorso | AJ2: Delta Punti | AK2: Punti | AL2: Punti Scorso | AM2: Cumul. Punti | AN2: Cumul. Punti Scorso | AO2: Delta Punti | AP2: Punti | AQ2: Punti Scorso | AR2: Cumul. Punti | AS2: Cumul. Punti Scorso | AT2: Delta Punti | AU2: Punti | AV2: Punti Scorso | AW2: Cumul. Punti | AX2: Cumul. Punti Scorso | AY2: Delta Punti
A3: 1 | B3: =Punteggio!C3 -> 3 | C3: 3 | D3: =B3 -> 3 | E3: =C3 -> 3 | F3: =D3-E3 -> 0 | G3: =Punteggio!E3 -> 1 | H3: 3 | I3: =G3 -> 1 | J3: =H3 -> 3 | K3: =I3-J3 -> -2 | L3: =Punteggio!G3 -> 1 | M3: 0 | N3: =L3 -> 1 | O3: =M3 -> 0 | P3: =N3-O3 -> 1 | Q3: =Punteggio!I3 -> 3 | R3: 3 | S3: =Q3 -> 3 | T3: =R3 -> 3 | U3: =S3-T3 -> 0 | V3: =Punteggio!K3 -> 0 | W3: 3 | X3: =V3 -> 0 | Y3: =W3 -> 3 | Z3: =X3-Y3 -> -3 | AA3: =Punteggio!M3 -> 0 | AB3: 0 | AC3: =AA3 -> 0 | AD3: =AB3 -> 0 | AE3: =AC3-AD3 -> 0 | AF3: =Punteggio!O3 -> 0 | AG3: 0 | AH3: =AF3 -> 0 | AI3: =AG3 -> 0 | AJ3: =AH3-AI3 -> 0 | AK3: =Punteggio!Q3 -> 0 | AL3: 0 | AM3: =AK3 -> 0 | AN3: =AL3 -> 0 | AO3: =AM3-AN3 -> 0 | AP3: =Punteggio!S3 -> 3 | AQ3: 3 | AR3: =AP3 -> 3 | AS3: =AQ3 -> 3 | AT3: =AR3-AS3 -> 0 | AU3: =Punteggio!U3 -> 3 | AV3: 0 | AW3: =AU3 -> 3 | AX3: =AV3 -> 0 | AY3: =AW3-AX3 -> 3
A4: 2 | B4: =Punteggio!C4 -> 1 | C4: 3 | D4: =D3+B4 -> 4 | E4: =E3+C4 -> 6 | F4: =D4-E4 -> -2 | G4: =Punteggio!E4 -> 1 | H4: 0 | I4: =I3+G4 -> 2 | J4: =J3+H4 -> 3 | K4: =I4-J4 -> -1 | L4: =Punteggio!G4 -> 3 | M4: 0 | N4: =N3+L4 -> 4 | O4: =O3+M4 -> 0 | P4: =N4-O4 -> 4 | Q4: =Punteggio!I4 -> 0 | R4: 0 | S4: =S3+Q4 -> 3 | T4: =T3+R4 -> 3 | U4: =S4-T4 -> 0 | V4: =Punteggio!K4 -> 3 | W4: 3 | X4: =X3+V4 -> 3 | Y4: =Y3+W4 -> 6 | Z4: =X4-Y4 -> -3 | AA4: =Punteggio!M4 -> 0 | AB4: 1 | AC4: =AC3+AA4 -> 0 | AD4: =AD3+AB4 -> 1 | AE4: =AC4-AD4 -> -1 | AF4: =Punteggio!O4 -> 0 | AG4: 1 | AH4: =AH3+AF4 -> 0 | AI4: =AI3+AG4 -> 1 | AJ4: =AH4-AI4 -> -1 | AK4: =Punteggio!Q4 -> 1 | AL4: 1 | AM4: =AM3+AK4 -> 1 | AN4: =AN3+AL4 -> 1 | AO4: =AM4-AN4 -> 0 | AP4: =Punteggio!S4 -> 3 | AQ4: 3 | AR4: =AR3+AP4 -> 6 | AS4: =AS3+AQ4 -> 6 | AT4: =AR4-AS4 -> 0 | AU4: =Punteggio!U4 -> 1 | AV4: 1 | AW4: =AW3+AU4 -> 4 | AX4: =AX3+AV4 -> 1 | AY4: =AW4-AX4 -> 3
A5: 3 | B5: =Punteggio!C5 -> 0 | C5: 1 | D5: =D4+B5 -> 4 | E5: =E4+C5 -> 7 | F5: =D5-E5 -> -3 | G5: =Punteggio!E5 -> 3 | H5: 0 | I5: =I4+G5 -> 5 | J5: =J4+H5 -> 3 | K5: =I5-J5 -> 2 | L5: =Punteggio!G5 -> 3 | M5: 1 | N5: =N4+L5 -> 7 | O5: =O4+M5 -> 1 | P5: =N5-O5 -> 6 | Q5: =Punteggio!I5 -> 0 | R5: 3 | S5: =S4+Q5 -> 3 | T5: =T4+R5 -> 6 | U5: =S5-T5 -> -3 | V5: =Punteggio!K5 -> 3 | W5: 0 | X5: =X4+V5 -> 6 | Y5: =Y4+W5 -> 6 | Z5: =X5-Y5 -> 0 | AA5: =Punteggio!M5 -> 3 | AB5: 3 | AC5: =AC4+AA5 -> 3 | AD5: =AD4+AB5 -> 4 | AE5: =AC5-AD5 -> -1 | AF5: =Punteggio!O5 -> 0 | AG5: 1 | AH5: =AH4+AF5 -> 0 | AI5: =AI4+AG5 -> 2 | AJ5: =AH5-AI5 -> -2 | AK5: =Punteggio!Q5 -> 0 | AL5: 0 | AM5: =AM4+AK5 -> 1 | AN5: =AN4+AL5 -> 1 | AO5: =AM5-AN5 -> 0 | AP5: =Punteggio!S5 -> 0 | AQ5: 1 | AR5: =AR4+AP5 -> 6 | AS5: =AS4+AQ5 -> 7 | AT5: =AR5-AS5 -> -1 | AU5: =Punteggio!U5 -> 3 | AV5: 3 | AW5: =AW4+AU5 -> 7 | AX5: =AX4+AV5 -> 4 | AY5: =AW5-AX5 -> 3
A6: 4 | B6: =Punteggio!C6 -> 3 | C6: 0 | D6: =D5+B6 -> 7 | E6: =E5+C6 -> 7 | F6: =D6-E6 -> 0 | G6: =Punteggio!E6 -> 0 | H6: 3 | I6: =I5+G6 -> 5 | J6: =J5+H6 -> 6 | K6: =I6-J6 -> -1 | L6: =Punteggio!G6 -> 3 | M6: 0 | N6: =N5+L6 -> 10 | O6: =O5+M6 -> 1 | P6: =N6-O6 -> 9 | Q6: =Punteggio!I6 -> 1 | R6: 1 | S6: =S5+Q6 -> 4 | T6: =T5+R6 -> 7 | U6: =S6-T6 -> -3 | V6: =Punteggio!K6 -> 0 | W6: 0 | X6: =X5+V6 -> 6 | Y6: =Y5+W6 -> 6 | Z6: =X6-Y6 -> 0 | AA6: =Punteggio!M6 -> 0 | AB6: 1 | AC6: =AC5+AA6 -> 3 | AD6: =AD5+AB6 -> 5 | AE6: =AC6-AD6 -> -2 | AF6: =Punteggio!O6 -> 3 | AG6: 0 | AH6: =AH5+AF6 -> 3 | AI6: =AI5+AG6 -> 2 | AJ6: =AH6-AI6 -> 1 | AK6: =Punteggio!Q6 -> 1 | AL6: 3 | AM6: =AM5+AK6 -> 2 | AN6: =AN5+AL6 -> 4 | AO6: =AM6-AN6 -> -2 | AP6: =Punteggio!S6 -> 0 | AQ6: 3 | AR6: =AR5+AP6 -> 6 | AS6: =AS5+AQ6 -> 10 | AT6: =AR6-AS6 -> -4 | AU6: =Punteggio!U6 -> 3 | AV6: 3 | AW6: =AW5+AU6 -> 10 | AX6: =AX5+AV6 -> 7 | AY6: =AW6-AX6 -> 3
A7: 5 | B7: =Punteggio!C7 -> 0 | C7: 1 | D7: =D6+B7 -> 7 | E7: =E6+C7 -> 8 | F7: =D7-E7 -> -1 | G7: =Punteggio!E7 -> 0 | H7: 3 | I7: =I6+G7 -> 5 | J7: =J6+H7 -> 9 | K7: =I7-J7 -> -4 | L7: =Punteggio!G7 -> 3 | M7: 1 | N7: =N6+L7 -> 13 | O7: =O6+M7 -> 2 | P7: =N7-O7 -> 11 | Q7: =Punteggio!I7 -> 3 | R7: 3 | S7: =S6+Q7 -> 7 | T7: =T6+R7 -> 10 | U7: =S7-T7 -> -3 | V7: =Punteggio!K7 -> 0 | W7: 0 | X7: =X6+V7 -> 6 | Y7: =Y6+W7 -> 6 | Z7: =X7-Y7 -> 0 | AA7: =Punteggio!M7 -> 3 | AB7: 0 | AC7: =AC6+AA7 -> 6 | AD7: =AD6+AB7 -> 5 | AE7: =AC7-AD7 -> 1 | AF7: =Punteggio!O7 -> 3 | AG7: 3 | AH7: =AH6+AF7 -> 6 | AI7: =AI6+AG7 -> 5 | AJ7: =AH7-AI7 -> 1 | AK7: =Punteggio!Q7 -> 0 | AL7: 0 | AM7: =AM6+AK7 -> 2 | AN7: =AN6+AL7 -> 4 | AO7: =AM7-AN7 -> -2 | AP7: =Punteggio!S7 -> 3 | AQ7: 0 | AR7: =AR6+AP7 -> 9 | AS7: =AS6+AQ7 -> 10 | AT7: =AR7-AS7 -> -1 | AU7: =Punteggio!U7 -> 0 | AV7: 3 | AW7: =AW6+AU7 -> 10 | AX7: =AX6+AV7 -> 10 | AY7: =AW7-AX7 -> 0
A8: 6 | B8: =Punteggio!C8 -> 3 | C8: 0 | D8: =D7+B8 -> 10 | E8: =E7+C8 -> 8 | F8: =D8-E8 -> 2 | G8: =Punteggio!E8 -> 3 | H8: 3 | I8: =I7+G8 -> 8 | J8: =J7+H8 -> 12 | K8: =I8-J8 -> -4 | L8: =Punteggio!G8 -> 0 | M8: 1 | N8: =N7+L8 -> 13 | O8: =O7+M8 -> 3 | P8: =N8-O8 -> 10 | Q8: =Punteggio!I8 -> 1 | R8: 3 | S8: =S7+Q8 -> 8 | T8: =T7+R8 -> 13 | U8: =S8-T8 -> -5 | V8: =Punteggio!K8 -> 3 | W8: 0 | X8: =X7+V8 -> 9 | Y8: =Y7+W8 -> 6 | Z8: =X8-Y8 -> 3 | AA8: =Punteggio!M8 -> 0 | AB8: 0 | AC8: =AC7+AA8 -> 6 | AD8: =AD7+AB8 -> 5 | AE8: =AC8-AD8 -> 1 | AF8: =Punteggio!O8 -> 3 | AG8: 0 | AH8: =AH7+AF8 -> 9 | AI8: =AI7+AG8 -> 5 | AJ8: =AH8-AI8 -> 4 | AK8: =Punteggio!Q8 -> 0 | AL8: 1 | AM8: =AM7+AK8 -> 2 | AN8: =AN7+AL8 -> 5 | AO8: =AM8-AN8 -> -3 | AP8: =Punteggio!S8 -> 0 | AQ8: 3 | AR8: =AR7+AP8 -> 9 | AS8: =AS7+AQ8 -> 13 | AT8: =AR8-AS8 -> -4 | AU8: =Punteggio!U8 -> 1 | AV8: 3 | AW8: =AW7+AU8 -> 11 | AX8: =AX7+AV8 -> 13 | AY8: =AW8-AX8 -> -2
A9: 7 | B9: =Punteggio!C9 -> 3 | C9: 0 | D9: =D8+B9 -> 13 | E9: =E8+C9 -> 8 | F9: =D9-E9 -> 5 | G9: =Punteggio!E9 -> 3 | H9: 1 | I9: =I8+G9 -> 11 | J9: =J8+H9 -> 13 | K9: =I9-J9 -> -2 | L9: =Punteggio!G9 -> 3 | M9: 3 | N9: =N8+L9 -> 16 | O9: =O8+M9 -> 6 | P9: =N9-O9 -> 10 | Q9: =Punteggio!I9 -> 1 | R9: 1 | S9: =S8+Q9 -> 9 | T9: =T8+R9 -> 14 | U9: =S9-T9 -> -5 | V9: =Punteggio!K9 -> 0 | W9: 0 | X9: =X8+V9 -> 9 | Y9: =Y8+W9 -> 6 | Z9: =X9-Y9 -> 3 | AA9: =Punteggio!M9 -> 1 | AB9: 0 | AC9: =AC8+AA9 -> 7 | AD9: =AD8+AB9 -> 5 | AE9: =AC9-AD9 -> 2 | AF9: =Punteggio!O9 -> 0 | AG9: 3 | AH9: =AH8+AF9 -> 9 | AI9: =AI8+AG9 -> 8 | AJ9: =AH9-AI9 -> 1 | AK9: =Punteggio!Q9 -> 0 | AL9: 3 | AM9: =AM8+AK9 -> 2 | AN9: =AN8+AL9 -> 8 | AO9: =AM9-AN9 -> -6 | AP9: =Punteggio!S9 -> 3 | AQ9: 0 | AR9: =AR8+AP9 -> 12 | AS9: =AS8+AQ9 -> 13 | AT9: =AR9-AS9 -> -1 | AU9: =Punteggio!U9 -> 0 | AV9: 3 | AW9: =AW8+AU9 -> 11 | AX9: =AX8+AV9 -> 16 | AY9: =AW9-AX9 -> -5
A10: 8 | B10: =Punteggio!C10 -> 0 | C10: 0 | D10: =D9+B10 -> 13 | E10: =E9+C10 -> 8 | F10: =D10-E10 -> 5 | G10: =Punteggio!E10 -> 0 | H10: 1 | I10: =I9+G10 -> 11 | J10: =J9+H10 -> 14 | K10: =I10-J10 -> -3 | L10: =Punteggio!G10 -> 1 | M10: 3 | N10: =N9+L10 -> 17 | O10: =O9+M10 -> 9 | P10: =N10-O10 -> 8 | Q10: =Punteggio!I10 -> 3 | R10: 0 | S10: =S9+Q10 -> 12 | T10: =T9+R10 -> 14 | U10: =S10-T10 -> -2 | V10: =Punteggio!K10 -> 3 | W10: 3 | X10: =X9+V10 -> 12 | Y10: =Y9+W10 -> 9 | Z10: =X10-Y10 -> 3 | AA10: =Punteggio!M10 -> 1 | AB10: 0 | AC10: =AC9+AA10 -> 8 | AD10: =AD9+AB10 -> 5 | AE10: =AC10-AD10 -> 3 | AF10: =Punteggio!O10 -> 0 | AG10: 1 | AH10: =AH9+AF10 -> 9 | AI10: =AI9+AG10 -> 9 | AJ10: =AH10-AI10 -> 0 | AK10: =Punteggio!Q10 -> 0 | AL10: 0 | AM10: =AM9+AK10 -> 2 | AN10: =AN9+AL10 -> 8 | AO10: =AM10-AN10 -> -6 | AP10: =Punteggio!S10 -> 3 | AQ10: 3 | AR10: =AR9+AP10 -> 15 | AS10: =AS9+AQ10 -> 16 | AT10: =AR10-AS10 -> -1 | AU10: =Punteggio!U10 -> 3 | AV10: 3 | AW10: =AW9+AU10 -> 14 | AX10: =AX9+AV10 -> 19 | AY10: =AW10-AX10 -> -5
A11: 9 | B11: =Punteggio!C11 -> 0 | C11: 3 | D11: =D10+B11 -> 13 | E11: =E10+C11 -> 11 | F11: =D11-E11 -> 2 | G11: =Punteggio!E11 -> 3 | H11: 0 | I11: =I10+G11 -> 14 | J11: =J10+H11 -> 14 | K11: =I11-J11 -> 0 | L11: =Punteggio!G11 -> 1 | M11: 3 | N11: =N10+L11 -> 18 | O11: =O10+M11 -> 12 | P11: =N11-O11 -> 6 | Q11: =Punteggio!I11 -> 1 | R11: 0 | S11: =S10+Q11 -> 13 | T11: =T10+R11 -> 14 | U11: =S11-T11 -> -1 | V11: =Punteggio!K11 -> 3 | W11: 3 | X11: =X10+V11 -> 15 | Y11: =Y10+W11 -> 12 | Z11: =X11-Y11 -> 3 | AA11: =Punteggio!M11 -> 3 | AB11: 3 | AC11: =AC10+AA11 -> 11 | AD11: =AD10+AB11 -> 8 | AE11: =AC11-AD11 -> 3 | AF11: =Punteggio!O11 -> 0 | AG11: 0 | AH11: =AH10+AF11 -> 9 | AI11: =AI10+AG11 -> 9 | AJ11: =AH11-AI11 -> 0 | AK11: =Punteggio!Q11 -> 0 | AL11: 0 | AM11: =AM10+AK11 -> 2 | AN11: =AN10+AL11 -> 8 | AO11: =AM11-AN11 -> -6 | AP11: =Punteggio!S11 -> 1 | AQ11: 3 | AR11: =AR10+AP11 -> 16 | AS11: =AS10+AQ11 -> 19 | AT11: =AR11-AS11 -> -3 | AU11: =Punteggio!U11 -> 1 | AV11: 0 | AW11: =AW10+AU11 -> 15 | AX11: =AX10+AV11 -> 19 | AY11: =AW11-AX11 -> -4
A12: 10 | B12: =Punteggio!C12 -> 3 | C12: 1 | D12: =D11+B12 -> 16 | E12: =E11+C12 -> 12 | F12: =D12-E12 -> 4 | G12: =Punteggio!E12 -> 0 | H12: 0 | I12: =I11+G12 -> 14 | J12: =J11+H12 -> 14 | K12: =I12-J12 -> 0 | L12: =Punteggio!G12 -> 3 | M12: 3 | N12: =N11+L12 -> 21 | O12: =O11+M12 -> 15 | P12: =N12-O12 -> 6 | Q12: =Punteggio!I12 -> 0 | R12: 0 | S12: =S11+Q12 -> 13 | T12: =T11+R12 -> 14 | U12: =S12-T12 -> -1 | V12: =Punteggio!K12 -> 0 | W12: 1 | X12: =X11+V12 -> 15 | Y12: =Y11+W12 -> 13 | Z12: =X12-Y12 -> 2 | AA12: =Punteggio!M12 -> 0 | AB12: 1 | AC12: =AC11+AA12 -> 11 | AD12: =AD11+AB12 -> 9 | AE12: =AC12-AD12 -> 2 | AF12: =Punteggio!O12 -> 3 | AG12: 0 | AH12: =AH11+AF12 -> 12 | AI12: =AI11+AG12 -> 9 | AJ12: =AH12-AI12 -> 3 | AK12: =Punteggio!Q12 -> 0 | AL12: 1 | AM12: =AM11+AK12 -> 2 | AN12: =AN11+AL12 -> 9 | AO12: =AM12-AN12 -> -7 | AP12: =Punteggio!S12 -> 3 | AQ12: 3 | AR12: =AR11+AP12 -> 19 | AS12: =AS11+AQ12 -> 22 | AT12: =AR12-AS12 -> -3 | AU12: =Punteggio!U12 -> 3 | AV12: 3 | AW12: =AW11+AU12 -> 18 | AX12: =AX11+AV12 -> 22 | AY12: =AW12-AX12 -> -4
A13: 11 | B13: =Punteggio!C13 -> 0 | C13: 3 | D13: =D12+B13 -> 16 | E13: =E12+C13 -> 15 | F13: =D13-E13 -> 1 | G13: =Punteggio!E13 -> 3 | H13: 3 | I13: =I12+G13 -> 17 | J13: =J12+H13 -> 17 | K13: =I13-J13 -> 0 | L13: =Punteggio!G13 -> 0 | M13: 1 | N13: =N12+L13 -> 21 | O13: =O12+M13 -> 16 | P13: =N13-O13 -> 5 | Q13: =Punteggio!I13 -> 0 | R13: 0 | S13: =S12+Q13 -> 13 | T13: =T12+R13 -> 14 | U13: =S13-T13 -> -1 | V13: =Punteggio!K13 -> 3 | W13: 1 | X13: =X12+V13 -> 18 | Y13: =Y12+W13 -> 14 | Z13: =X13-Y13 -> 4 | AA13: =Punteggio!M13 -> 0 | AB13: 0 | AC13: =AC12+AA13 -> 11 | AD13: =AD12+AB13 -> 9 | AE13: =AC13-AD13 -> 2 | AF13: =Punteggio!O13 -> 3 | AG13: 1 | AH13: =AH12+AF13 -> 15 | AI13: =AI12+AG13 -> 10 | AJ13: =AH13-AI13 -> 5 | AK13: =Punteggio!Q13 -> 3 | AL13: 3 | AM13: =AM12+AK13 -> 5 | AN13: =AN12+AL13 -> 12 | AO13: =AM13-AN13 -> -7 | AP13: =Punteggio!S13 -> 3 | AQ13: 0 | AR13: =AR12+AP13 -> 22 | AS13: =AS12+AQ13 -> 22 | AT13: =AR13-AS13 -> 0 | AU13: =Punteggio!U13 -> 0 | AV13: 1 | AW13: =AW12+AU13 -> 18 | AX13: =AX12+AV13 -> 23 | AY13: =AW13-AX13 -> -5
A14: 12 | B14: =Punteggio!C14 -> 3 | C14: 1 | D14: =D13+B14 -> 19 | E14: =E13+C14 -> 16 | F14: =D14-E14 -> 3 | G14: =Punteggio!E14 -> 1 | H14: 1 | I14: =I13+G14 -> 18 | J14: =J13+H14 -> 18 | K14: =I14-J14 -> 0 | L14: =Punteggio!G14 -> 3 | M14: 0 | N14: =N13+L14 -> 24 | O14: =O13+M14 -> 16 | P14: =N14-O14 -> 8 | Q14: =Punteggio!I14 -> 0 | R14: 0 | S14: =S13+Q14 -> 13 | T14: =T13+R14 -> 14 | U14: =S14-T14 -> -1 | V14: =Punteggio!K14 -> 3 | W14: 3 | X14: =X13+V14 -> 21 | Y14: =Y13+W14 -> 17 | Z14: =X14-Y14 -> 4 | AA14: =Punteggio!M14 -> 0 | AB14: 0 | AC14: =AC13+AA14 -> 11 | AD14: =AD13+AB14 -> 9 | AE14: =AC14-AD14 -> 2 | AF14: =Punteggio!O14 -> 1 | AG14: 1 | AH14: =AH13+AF14 -> 16 | AI14: =AI13+AG14 -> 11 | AJ14: =AH14-AI14 -> 5 | AK14: =Punteggio!Q14 -> 3 | AL14: 3 | AM14: =AM13+AK14 -> 8 | AN14: =AN13+AL14 -> 15 | AO14: =AM14-AN14 -> -7 | AP14: =Punteggio!S14 -> 0 | AQ14: 3 | AR14: =AR13+AP14 -> 22 | AS14: =AS13+AQ14 -> 25 | AT14: =AR14-AS14 -> -3 | AU14: =Punteggio!U14 -> 0 | AV14: 1 | AW14: =AW13+AU14 -> 18 | AX14: =AX13+AV14 -> 24 | AY14: =AW14-AX14 -> -6
A15: 13 | B15: =Punteggio!C15 -> 1 | C15: 0 | D15: =D14+B15 -> 20 | E15: =E14+C15 -> 16 | F15: =D15-E15 -> 4 | G15: =Punteggio!E15 -> 0 | H15: 3 | I15: =I14+G15 -> 18 | J15: =J14+H15 -> 21 | K15: =I15-J15 -> -3 | L15: =Punteggio!G15 -> 1 | M15: 1 | N15: =N14+L15 -> 25 | O15: =O14+M15 -> 17 | P15: =N15-O15 -> 8 | Q15: =Punteggio!I15 -> 3 | R15: 3 | S15: =S14+Q15 -> 16 | T15: =T14+R15 -> 17 | U15: =S15-T15 -> -1 | V15: =Punteggio!K15 -> 1 | W15: 0 | X15: =X14+V15 -> 22 | Y15: =Y14+W15 -> 17 | Z15: =X15-Y15 -> 5 | AA15: =Punteggio!M15 -> 1 | AB15: 0 | AC15: =AC14+AA15 -> 12 | AD15: =AD14+AB15 -> 9 | AE15: =AC15-AD15 -> 3 | AF15: =Punteggio!O15 -> 1 | AG15: 3 | AH15: =AH14+AF15 -> 17 | AI15: =AI14+AG15 -> 14 | AJ15: =AH15-AI15 -> 3 | AK15: =Punteggio!Q15 -> 0 | AL15: 0 | AM15: =AM14+AK15 -> 8 | AN15: =AN14+AL15 -> 15 | AO15: =AM15-AN15 -> -7 | AP15: =Punteggio!S15 -> 1 | AQ15: 3 | AR15: =AR14+AP15 -> 23 | AS15: =AS14+AQ15 -> 28 | AT15: =AR15-AS15 -> -5 | AU15: =Punteggio!U15 -> 3 | AV15: 1 | AW15: =AW14+AU15 -> 21 | AX15: =AX14+AV15 -> 25 | AY15: =AW15-AX15 -> -4
... A37: 35 | B37: =Punteggio!C37 -> 3 | C37: 0 | D37: =D36+B37 -> 52 | E37: =E36+C37 -> 50 | F37: =D37-E37 -> 2 | G37: =Punteggio!E37 -> 3 | H37: 1 | I37: =I36+G37 -> 65 | J37: =J36+H37 -> 48 | K37: =I37-J37 -> 17 | L37: =Punteggio!G37 -> 1 | M37: 0 | N37: =N36+L37 -> 56 | O37: =O36+M37 -> 36 | P37: =N37-O37 -> 20 | Q37: =Punteggio!I37 -> 0 | R37: 3 | S37: =S36+Q37 -> 35 | T37: =T36+R37 -> 46 | U37: =S37-T37 -> -11 | V37: =Punteggio!K37 -> 1 | W37: 3 | X37: =X36+V37 -> 56 | Y37: =Y36+W37 -> 50 | Z37: =X37-Y37 -> 6 | AA37: =Punteggio!M37 -> 1 | AB37: 1 | AC37: =AC36+AA37 -> 35 | AD37: =AD36+AB37 -> 43 | AE37: =AC37-AD37 -> -8 | AF37: =Punteggio!O37 -> 1 | AG37: 1 | AH37: =AH36+AF37 -> 50 | AI37: =AI36+AG37 -> 43 | AJ37: =AH37-AI37 -> 7 | AK37: =Punteggio!Q37 -> 1 | AL37: 3 | AM37: =AM36+AK37 -> 39 | AN37: =AN36+AL37 -> 58 | AO37: =AM37-AN37 -> -19 | AP37: =Punteggio!S37 -> 0 | AQ37: 1 | AR37: =AR36+AP37 -> 43 | AS37: =AS36+AQ37 -> 51 | AT37: =AR37-AS37 -> -8 | AU37: =Punteggio!U37 -> 1 | AV37: 0 | AW37: =AW36+AU37 -> 60 | AX37: =AX36+AV37 -> 58 | AY37: =AW37-AX37 -> 2
A38: 36 | Q38: =Punteggio!I38 -> 0 | V38: =Punteggio!K38 -> 0 | AA38: =Punteggio!M38 -> 0 | AF38: =Punteggio!O38 -> 0 | AK38: =Punteggio!Q38 -> 0 | AP38: =Punteggio!S38 -> 0 | AU38: =Punteggio!U38 -> 0
A41: Giornata | B41: Punti | C41: Punti Scorso | D41: Cumul. Punti | E41: Cumul. Punti Scorso | F41: Delta Punti | G41: Punti | H41: Punti Scorso | I41: Cumul. Punti | J41: Cumul. Punti Scorso | K41: Delta Punti | L41: Punti | M41: Punti Scorso | N41: Cumul. Punti | O41: Cumul. Punti Scorso | P41: Delta Punti | Q41: Punti | R41: Punti Scorso | S41: Cumul. Punti | T41: Cumul. Punti Scorso | U41: Delta Punti | V41: Punti | W41: Punti Scorso | X41: Cumul. Punti | Y41: Cumul. Punti Scorso | Z41: Delta Punti | AA41: Punti | AB41: Punti Scorso | AC41: Cumul. Punti | AD41: Cumul. Punti Scorso | AE41: Delta Punti | AF41: Punti | AG41: Punti Scorso | AH41: Cumul. Punti | AI41: Cumul. Punti Scorso | AJ41: Delta Punti | AK41: Punti | AL41: Punti Scorso | AM41: Cumul. Punti | AN41: Cumul. Punti Scorso | AO41: Delta Punti | AP41: Punti | AQ41: Punti Scorso | AR41: Cumul. Punti | AS41: Cumul. Punti Scorso | AT41: Delta Punti | AU41: Punti | AV41: Punti Scorso | AW41: Cumul. Punti | AX41: Cumul. Punti Scorso | AY41: Delta Punti
A42: 1 | B42: =Punteggio!B3 -> 81.5 | C42: 87 | D42: =B42 -> 81.5 | E42: =C42 -> 87 | F42: =D42-E42 -> -5.5 | G42: =Punteggio!D3 -> 68.5 | H42: 81 | I42: =G42 -> 68.5 | J42: =H42 -> 81 | K42: =I42-J42 -> -12.5 | L42: =Punteggio!F3 -> 69.5 | M42: 69.5 | N42: =L42 -> 69.5 | O42: =M42 -> 69.5 | P42: =N42-O42 -> 0 | Q42: =Punteggio!H3 -> 80 | R42: 86.5 | S42: =Q42 -> 80 | T42: =R42 -> 86.5 | U42: =S42-T42 -> -6.5 | V42: =Punteggio!J3 -> 68.5 | W42: 78.5 | X42: =V42 -> 68.5 | Y42: =W42 -> 78.5 | Z42: =X42-Y42 -> -10 | AA42: =Punteggio!L3 -> 76.5 | AB42: 73.5 | AC42: =AA42 -> 76.5 | AD42: =AB42 -> 73.5 | AE42: =AC42-AD42 -> 3 | AF42: =Punteggio!N3 -> 61 | AG42: 86.5 | AH42: =AF42 -> 61 | AI42: =AG42 -> 86.5 | AJ42: =AH42-AI42 -> -25.5 | AK42: =Punteggio!P3 -> 62 | AL42: 70 | AM42: =AK42 -> 62 | AN42: =AL42 -> 70 | AO42: =AM42-AN42 -> -8 | AP42: =Punteggio!R3 -> 91 | AQ42: 94 | AR42: =AP42 -> 91 | AS42: =AQ42 -> 94 | AT42: =AR42-AS42 -> -3 | AU42: =Punteggio!T3 -> 78.5 | AV42: 64.5 | AW42: =AU42 -> 78.5 | AX42: =AV42 -> 64.5 | AY42: =AW42-AX42 -> 14
A43: 2 | B43: =Punteggio!B4 -> 72.5 | C43: 73.5 | D43: =D42+B43 -> 154 | E43: =E42+C43 -> 160.5 | F43: =D43-E43 -> -6.5 | G43: =Punteggio!D4 -> 73.5 | H43: 73 | I43: =I42+G43 -> 142 | J43: =J42+H43 -> 154 | K43: =I43-J43 -> -12 | L43: =Punteggio!F4 -> 85.5 | M43: 61 | N43: =N42+L43 -> 155 | O43: =O42+M43 -> 130.5 | P43: =N43-O43 -> 24.5 | Q43: =Punteggio!H4 -> 72.5 | R43: 68.5 | S43: =S42+Q43 -> 152.5 | T43: =T42+R43 -> 155 | U43: =S43-T43 -> -2.5 | V43: =Punteggio!J4 -> 75 | W43: 74.5 | X43: =X42+V43 -> 143.5 | Y43: =Y42+W43 -> 153 | Z43: =X43-Y43 -> -9.5 | AA43: =Punteggio!L4 -> 70 | AB43: 83 | AC43: =AC42+AA43 -> 146.5 | AD43: =AD42+AB43 -> 156.5 | AE43: =AC43-AD43 -> -10 | AF43: =Punteggio!N4 -> 75 | AG43: 66 | AH43: =AH42+AF43 -> 136 | AI43: =AI42+AG43 -> 152.5 | AJ43: =AH43-AI43 -> -16.5 | AK43: =Punteggio!P4 -> 68 | AL43: 79.5 | AM43: =AM42+AK43 -> 130 | AN43: =AN42+AL43 -> 149.5 | AO43: =AM43-AN43 -> -19.5 | AP43: =Punteggio!R4 -> 81 | AQ43: 81 | AR43: =AR42+AP43 -> 172 | AS43: =AS42+AQ43 -> 175 | AT43: =AR43-AS43 -> -3 | AU43: =Punteggio!T4 -> 70.5 | AV43: 66.5 | AW43: =AW42+AU43 -> 149 | AX43: =AX42+AV43 -> 131 | AY43: =AW43-AX43 -> 18
A44: 3 | B44: =Punteggio!B5 -> 67.5 | C44: 72.5 | D44: =D43+B44 -> 221.5 | E44: =E43+C44 -> 233 | F44: =D44-E44 -> -11.5 | G44: =Punteggio!D5 -> 76 | H44: 73.5 | I44: =I43+G44 -> 218 | J44: =J43+H44 -> 227.5 | K44: =I44-J44 -> -9.5 | L44: =Punteggio!F5 -> 83 | M44: 82 | N44: =N43+L44 -> 238 | O44: =O43+M44 -> 212.5 | P44: =N44-O44 -> 25.5 | Q44: =Punteggio!H5 -> 72.5 | R44: 79.5 | S44: =S43+Q44 -> 225 | T44: =T43+R44 -> 234.5 | U44: =S44-T44 -> -9.5 | V44: =Punteggio!J5 -> 79 | W44: 77 | X44: =X43+V44 -> 222.5 | Y44: =Y43+W44 -> 230 | Z44: =X44-Y44 -> -7.5 | AA44: =Punteggio!L5 -> 73 | AB44: 79 | AC44: =AC43+AA44 -> 219.5 | AD44: =AD43+AB44 -> 235.5 | AE44: =AC44-AD44 -> -16 | AF44: =Punteggio!N5 -> 69 | AG44: 74.5 | AH44: =AH43+AF44 -> 205 | AI44: =AI43+AG44 -> 227 | AJ44: =AH44-AI44 -> -22 | AK44: =Punteggio!P5 -> 67 | AL44: 70 | AM44: =AM43+AK44 -> 197 | AN44: =AN43+AL44 -> 219.5 | AO44: =AM44-AN44 -> -22.5 | AP44: =Punteggio!R5 -> 62 | AQ44: 78 | AR44: =AR43+AP44 -> 234 | AS44: =AS43+AQ44 -> 253 | AT44: =AR44-AS44 -> -19 | AU44: =Punteggio!T5 -> 79.5 | AV44: 80.5 | AW44: =AW43+AU44 -> 228.5 | AX44: =AX43+AV44 -> 211.5 | AY44: =AW44-AX44 -> 17
A45: 4 | B45: =Punteggio!B6 -> 73.5 | C45: 77 | D45: =D44+B45 -> 295 | E45: =E44+C45 -> 310 | F45: =D45-E45 -> -15 | G45: =Punteggio!D6 -> 64.5 | H45: 90 | I45: =I44+G45 -> 282.5 | J45: =J44+H45 -> 317.5 | K45: =I45-J45 -> -35 | L45: =Punteggio!F6 -> 73.5 | M45: 67 | N45: =N44+L45 -> 311.5 | O45: =O44+M45 -> 279.5 | P45: =N45-O45 -> 32 | Q45: =Punteggio!H6 -> 70.5 | R45: 83 | S45: =S44+Q45 -> 295.5 | T45: =T44+R45 -> 317.5 | U45: =S45-T45 -> -22 | V45: =Punteggio!J6 -> 66 | W45: 71 | X45: =X44+V45 -> 288.5 | Y45: =Y44+W45 -> 301 | Z45: =X45-Y45 -> -12.5 | AA45: =Punteggio!L6 -> 64 | AB45: 80.5 | AC45: =AC44+AA45 -> 283.5 | AD45: =AD44+AB45 -> 316 | AE45: =AC45-AD45 -> -32.5 | AF45: =Punteggio!N6 -> 72.5 | AG45: 60 | AH45: =AH44+AF45 -> 277.5 | AI45: =AI44+AG45 -> 287 | AJ45: =AH45-AI45 -> -9.5 | AK45: =Punteggio!P6 -> 67 | AL45: 76 | AM45: =AM44+AK45 -> 264 | AN45: =AN44+AL45 -> 295.5 | AO45: =AM45-AN45 -> -31.5 | AP45: =Punteggio!R6 -> 70.5 | AQ45: 72.5 | AR45: =AR44+AP45 -> 304.5 | AS45: =AS44+AQ45 -> 325.5 | AT45: =AR45-AS45 -> -21 | AU45: =Punteggio!T6 -> 77.5 | AV45: 84 | AW45: =AW44+AU45 -> 306 | AX45: =AX44+AV45 -> 295.5 | AY45: =AW45-AX45 -> 10.5
A46: 5 | B46: =Punteggio!B7 -> 65.5 | C46: 63.5 | D46: =D45+B46 -> 360.5 | E46: =E45+C46 -> 373.5 | F46: =D46-E46 -> -13 | G46: =Punteggio!D7 -> 69.5 | H46: 82.5 | I46: =I45+G46 -> 352 | J46: =J45+H46 -> 400 | K46: =I46-J46 -> -48 | L46: =Punteggio!F7 -> 71 | M46: 61.5 | N46: =N45+L46 -> 382.5 | O46: =O45+M46 -> 341 | P46: =N46-O46 -> 41.5 | Q46: =Punteggio!H7 -> 76 | R46: 70.5 | S46: =S45+Q46 -> 371.5 | T46: =T45+R46 -> 388 | U46: =S46-T46 -> -16.5 | V46: =Punteggio!J7 -> 82 | W46: 65 | X46: =X45+V46 -> 370.5 | Y46: =Y45+W46 -> 366 | Z46: =X46-Y46 -> 4.5 | AA46: =Punteggio!L7 -> 78.5 | AB46: 74 | AC46: =AC45+AA46 -> 362 | AD46: =AD45+AB46 -> 390 | AE46: =AC46-AD46 -> -28 | AF46: =Punteggio!N7 -> 85 | AG46: 79 | AH46: =AH45+AF46 -> 362.5 | AI46: =AI45+AG46 -> 366 | AJ46: =AH46-AI46 -> -3.5 | AK46: =Punteggio!P7 -> 62.5 | AL46: 68 | AM46: =AM45+AK46 -> 326.5 | AN46: =AN45+AL46 -> 363.5 | AO46: =AM46-AN46 -> -37 | AP46: =Punteggio!R7 -> 73.5 | AQ46: 70 | AR46: =AR45+AP46 -> 378 | AS46: =AS45+AQ46 -> 395.5 | AT46: =AR46-AS46 -> -17.5 | AU46: =Punteggio!T7 -> 65 | AV46: 90.5 | AW46: =AW45+AU46 -> 371 | AX46: =AX45+AV46 -> 386 | AY46: =AW46-AX46 -> -15
A47: 6 | B47: =Punteggio!B8 -> 78.5 | C47: 77.5 | D47: =D46+B47 -> 439 | E47: =E46+C47 -> 451 | F47: =D47-E47 -> -12 | G47: =Punteggio!D8 -> 75 | H47: 86.5 | I47: =I46+G47 -> 427 | J47: =J46+H47 -> 486.5 | K47: =I47-J47 -> -59.5 | L47: =Punteggio!F8 -> 72.5 | M47: 82 | N47: =N46+L47 -> 455 | O47: =O46+M47 -> 423 | P47: =N47-O47 -> 32 | Q47: =Punteggio!H8 -> 67 | R47: 77 | S47: =S46+Q47 -> 438.5 | T47: =T46+R47 -> 465 | U47: =S47-T47 -> -26.5 | V47: =Punteggio!J8 -> 67.5 | W47: 69 | X47: =X46+V47 -> 438 | Y47: =Y46+W47 -> 435 | Z47: =X47-Y47 -> 3 | AA47: =Punteggio!L8 -> 69.5 | AB47: 64 | AC47: =AC46+AA47 -> 431.5 | AD47: =AD46+AB47 -> 454 | AE47: =AC47-AD47 -> -22.5 | AF47: =Punteggio!N8 -> 88.5 | AG47: 65.5 | AH47: =AH46+AF47 -> 451 | AI47: =AI46+AG47 -> 431.5 | AJ47: =AH47-AI47 -> 19.5 | AK47: =Punteggio!P8 -> 68 | AL47: 79.5 | AM47: =AM46+AK47 -> 394.5 | AN47: =AN46+AL47 -> 443 | AO47: =AM47-AN47 -> -48.5 | AP47: =Punteggio!R8 -> 63 | AQ47: 90 | AR47: =AR46+AP47 -> 441 | AS47: =AS46+AQ47 -> 485.5 | AT47: =AR47-AS47 -> -44.5 | AU47: =Punteggio!T8 -> 71.5 | AV47: 73 | AW47: =AW46+AU47 -> 442.5 | AX47: =AX46+AV47 -> 459 | AY47: =AW47-AX47 -> -16.5
A48: 7 | B48: =Punteggio!B9 -> 68 | C48: 71 | D48: =D47+B48 -> 507 | E48: =E47+C48 -> 522 | F48: =D48-E48 -> -15 | G48: =Punteggio!D9 -> 74.5 | H48: 81.5 | I48: =I47+G48 -> 501.5 | J48: =J47+H48 -> 568 | K48: =I48-J48 -> -66.5 | L48: =Punteggio!F9 -> 83 | M48: 87 | N48: =N47+L48 -> 538 | O48: =O47+M48 -> 510 | P48: =N48-O48 -> 28 | Q48: =Punteggio!H9 -> 77 | R48: 80 | S48: =S47+Q48 -> 515.5 | T48: =T47+R48 -> 545 | U48: =S48-T48 -> -29.5 | V48: =Punteggio!J9 -> 68.5 | W48: 72.5 | X48: =X47+V48 -> 506.5 | Y48: =Y47+W48 -> 507.5 | Z48: =X48-Y48 -> -1 | AA48: =Punteggio!L9 -> 73 | AB48: 71 | AC48: =AC47+AA48 -> 504.5 | AD48: =AD47+AB48 -> 525 | AE48: =AC48-AD48 -> -20.5 | AF48: =Punteggio!N9 -> 63.5 | AG48: 81 | AH48: =AH47+AF48 -> 514.5 | AI48: =AI47+AG48 -> 512.5 | AJ48: =AH48-AI48 -> 2 | AK48: =Punteggio!P9 -> 67 | AL48: 91.5 | AM48: =AM47+AK48 -> 461.5 | AN48: =AN47+AL48 -> 534.5 | AO48: =AM48-AN48 -> -73 | AP48: =Punteggio!R9 -> 79 | AQ48: 66 | AR48: =AR47+AP48 -> 520 | AS48: =AS47+AQ48 -> 551.5 | AT48: =AR48-AS48 -> -31.5 | AU48: =Punteggio!T9 -> 68 | AV48: 73.5 | AW48: =AW47+AU48 -> 510.5 | AX48: =AX47+AV48 -> 532.5 | AY48: =AW48-AX48 -> -22
A49: 8 | B49: =Punteggio!B10 -> 60 | C49: 72.5 | D49: =D48+B49 -> 567 | E49: =E48+C49 -> 594.5 | F49: =D49-E49 -> -27.5 | G49: =Punteggio!D10 -> 71 | H49: 77 | I49: =I48+G49 -> 572.5 | J49: =J48+H49 -> 645 | K49: =I49-J49 -> -72.5 | L49: =Punteggio!F10 -> 72.5 | M49: 73 | N49: =N48+L49 -> 610.5 | O49: =O48+M49 -> 583 | P49: =N49-O49 -> 27.5 | Q49: =Punteggio!H10 -> 76.5 | R49: 64.5 | S49: =S48+Q49 -> 592 | T49: =T48+R49 -> 609.5 | U49: =S49-T49 -> -17.5 | V49: =Punteggio!J10 -> 79 | W49: 80 | X49: =X48+V49 -> 585.5 | Y49: =Y48+W49 -> 587.5 | Z49: =X49-Y49 -> -2 | AA49: =Punteggio!L10 -> 75.5 | AB49: 65.5 | AC49: =AC48+AA49 -> 580 | AD49: =AD48+AB49 -> 590.5 | AE49: =AC49-AD49 -> -10.5 | AF49: =Punteggio!N10 -> 63 | AG49: 72 | AH49: =AH48+AF49 -> 577.5 | AI49: =AI48+AG49 -> 584.5 | AJ49: =AH49-AI49 -> -7 | AK49: =Punteggio!P10 -> 67.5 | AL49: 65 | AM49: =AM48+AK49 -> 529 | AN49: =AN48+AL49 -> 599.5 | AO49: =AM49-AN49 -> -70.5 | AP49: =Punteggio!R10 -> 66 | AQ49: 84 | AR49: =AR48+AP49 -> 586 | AS49: =AS48+AQ49 -> 635.5 | AT49: =AR49-AS49 -> -49.5 | AU49: =Punteggio!T10 -> 75.5 | AV49: 75.5 | AW49: =AW48+AU49 -> 586 | AX49: =AX48+AV49 -> 608 | AY49: =AW49-AX49 -> -22
A50: 9 | B50: =Punteggio!B11 -> 71.5 | C50: 82 | D50: =D49+B50 -> 638.5 | E50: =E49+C50 -> 676.5 | F50: =D50-E50 -> -38 | G50: =Punteggio!D11 -> 82 | H50: 74.5 | I50: =I49+G50 -> 654.5 | J50: =J49+H50 -> 719.5 | K50: =I50-J50 -> -65 | L50: =Punteggio!F11 -> 66 | M50: 74 | N50: =N49+L50 -> 676.5 | O50: =O49+M50 -> 657 | P50: =N50-O50 -> 19.5 | Q50: =Punteggio!H11 -> 67 | R50: 68.5 | S50: =S49+Q50 -> 659 | T50: =T49+R50 -> 678 | U50: =S50-T50 -> -19 | V50: =Punteggio!J11 -> 76 | W50: 89 | X50: =X49+V50 -> 661.5 | Y50: =Y49+W50 -> 676.5 | Z50: =X50-Y50 -> -15 | AA50: =Punteggio!L11 -> 71.5 | AB50: 82 | AC50: =AC49+AA50 -> 651.5 | AD50: =AD49+AB50 -> 672.5 | AE50: =AC50-AD50 -> -21 | AF50: =Punteggio!N11 -> 62.5 | AG50: 71.5 | AH50: =AH49+AF50 -> 640 | AI50: =AI49+AG50 -> 656 | AJ50: =AH50-AI50 -> -16 | AK50: =Punteggio!P11 -> 75 | AL50: 75.5 | AM50: =AM49+AK50 -> 604 | AN50: =AN49+AL50 -> 675 | AO50: =AM50-AN50 -> -71 | AP50: =Punteggio!R11 -> 84.5 | AQ50: 78.5 | AR50: =AR49+AP50 -> 670.5 | AS50: =AS49+AQ50 -> 714 | AT50: =AR50-AS50 -> -43.5 | AU50: =Punteggio!T11 -> 85.5 | AV50: 60 | AW50: =AW49+AU50 -> 671.5 | AX50: =AX49+AV50 -> 668 | AY50: =AW50-AX50 -> 3.5
A51: 10 | B51: =Punteggio!B12 -> 81 | C51: 75.5 | D51: =D50+B51 -> 719.5 | E51: =E50+C51 -> 752 | F51: =D51-E51 -> -32.5 | G51: =Punteggio!D12 -> 82 | H51: 71 | I51: =I50+G51 -> 736.5 | J51: =J50+H51 -> 790.5 | K51: =I51-J51 -> -54 | L51: =Punteggio!F12 -> 87 | M51: 72 | N51: =N50+L51 -> 763.5 | O51: =O50+M51 -> 729 | P51: =N51-O51 -> 34.5 | Q51: =Punteggio!H12 -> 65 | R51: 74.5 | S51: =S50+Q51 -> 724 | T51: =T50+R51 -> 752.5 | U51: =S51-T51 -> -28.5 | V51: =Punteggio!J12 -> 65.5 | W51: 74 | X51: =X50+V51 -> 727 | Y51: =Y50+W51 -> 750.5 | Z51: =X51-Y51 -> -23.5 | AA51: =Punteggio!L12 -> 65 | AB51: 77.5 | AC51: =AC50+AA51 -> 716.5 | AD51: =AD50+AB51 -> 750 | AE51: =AC51-AD51 -> -33.5 | AF51: =Punteggio!N12 -> 74.5 | AG51: 70.5 | AH51: =AH50+AF51 -> 714.5 | AI51: =AI50+AG51 -> 726.5 | AJ51: =AH51-AI51 -> -12 | AK51: =Punteggio!P12 -> 74 | AL51: 74 | AM51: =AM50+AK51 -> 678 | AN51: =AN50+AL51 -> 749 | AO51: =AM51-AN51 -> -71 | AP51: =Punteggio!R12 -> 75.5 | AQ51: 78 | AR51: =AR50+AP51 -> 746 | AS51: =AS50+AQ51 -> 792 | AT51: =AR51-AS51 -> -46 | AU51: =Punteggio!T12 -> 75 | AV51: 81.5 | AW51: =AW50+AU51 -> 746.5 | AX51: =AX50+AV51 -> 749.5 | AY51: =AW51-AX51 -> -3
A52: 11 | B52: =Punteggio!B13 -> 59 | C52: 78.5 | D52: =D51+B52 -> 778.5 | E52: =E51+C52 -> 830.5 | F52: =D52-E52 -> -52 | G52: =Punteggio!D13 -> 78.5 | H52: 73 | I52: =I51+G52 -> 815 | J52: =J51+H52 -> 863.5 | K52: =I52-J52 -> -48.5 | L52: =Punteggio!F13 -> 69 | M52: 72 | N52: =N51+L52 -> 832.5 | O52: =O51+M52 -> 801 | P52: =N52-O52 -> 31.5 | Q52: =Punteggio!H13 -> 75 | R52: 67 | S52: =S51+Q52 -> 799 | T52: =T51+R52 -> 819.5 | U52: =S52-T52 -> -20.5 | V52: =Punteggio!J13 -> 74.5 | W52: 77 | X52: =X51+V52 -> 801.5 | Y52: =Y51+W52 -> 827.5 | Z52: =X52-Y52 -> -26 | AA52: =Punteggio!L13 -> 70 | AB52: 70.5 | AC52: =AC51+AA52 -> 786.5 | AD52: =AD51+AB52 -> 820.5 | AE52: =AC52-AD52 -> -34 | AF52: =Punteggio!N13 -> 74 | AG52: 75 | AH52: =AH51+AF52 -> 788.5 | AI52: =AI51+AG52 -> 801.5 | AJ52: =AH52-AI52 -> -13 | AK52: =Punteggio!P13 -> 72 | AL52: 76 | AM52: =AM51+AK52 -> 750 | AN52: =AN51+AL52 -> 825 | AO52: =AM52-AN52 -> -75 | AP52: =Punteggio!R13 -> 80.5 | AQ52: 70 | AR52: =AR51+AP52 -> 826.5 | AS52: =AS51+AQ52 -> 862 | AT52: =AR52-AS52 -> -35.5 | AU52: =Punteggio!T13 -> 67.5 | AV52: 75 | AW52: =AW51+AU52 -> 814 | AX52: =AX51+AV52 -> 824.5 | AY52: =AW52-AX52 -> -10.5
A53: 12 | B53: =Punteggio!B14 -> 67.5 | C53: 76 | D53: =D52+B53 -> 846 | E53: =E52+C53 -> 906.5 | F53: =D53-E53 -> -60.5 | G53: =Punteggio!D14 -> 72 | H53: 73.5 | I53: =I52+G53 -> 887 | J53: =J52+H53 -> 937 | K53: =I53-J53 -> -50 | L53: =Punteggio!F14 -> 74 | M53: 67 | N53: =N52+L53 -> 906.5 | O53: =O52+M53 -> 868 | P53: =N53-O53 -> 38.5 | Q53: =Punteggio!H14 -> 60 | R53: 76.5 | S53: =S52+Q53 -> 859 | T53: =T52+R53 -> 896 | U53: =S53-T53 -> -37 | V53: =Punteggio!J14 -> 78.5 | W53: 89 | X53: =X52+V53 -> 880 | Y53: =Y52+W53 -> 916.5 | Z53: =X53-Y53 -> -36.5 | AA53: =Punteggio!L14 -> 68 | AB53: 76 | AC53: =AC52+AA53 -> 854.5 | AD53: =AD52+AB53 -> 896.5 | AE53: =AC53-AD53 -> -42 | AF53: =Punteggio!N14 -> 72 | AG53: 76 | AH53: =AH52+AF53 -> 860.5 | AI53: =AI52+AG53 -> 877.5 | AJ53: =AH53-AI53 -> -17 | AK53: =Punteggio!P14 -> 77 | AL53: 78.5 | AM53: =AM52+AK53 -> 827 | AN53: =AN52+AL53 -> 903.5 | AO53: =AM53-AN53 -> -76.5 | AP53: =Punteggio!R14 -> 68 | AQ53: 78 | AR53: =AR52+AP53 -> 894.5 | AS53: =AS52+AQ53 -> 940 | AT53: =AR53-AS53 -> -45.5 | AU53: =Punteggio!T14 -> 65 | AV53: 74 | AW53: =AW52+AU53 -> 879 | AX53: =AX52+AV53 -> 898.5 | AY53: =AW53-AX53 -> -19.5
A54: 13 | B54: =Punteggio!B15 -> 81 | C54: 70 | D54: =D53+B54 -> 927 | E54: =E53+C54 -> 976.5 | F54: =D54-E54 -> -49.5 | G54: =Punteggio!D15 -> 65 | H54: 72.5 | I54: =I53+G54 -> 952 | J54: =J53+H54 -> 1009.5 | K54: =I54-J54 -> -57.5 | L54: =Punteggio!F15 -> 67 | M54: 74 | N54: =N53+L54 -> 973.5 | O54: =O53+M54 -> 942 | P54: =N54-O54 -> 31.5 | Q54: =Punteggio!H15 -> 75 | R54: 75 | S54: =S53+Q54 -> 934 | T54: =T53+R54 -> 971 | U54: =S54-T54 -> -37 | V54: =Punteggio!J15 -> 67.5 | W54: 71.5 | X54: =X53+V54 -> 947.5 | Y54: =Y53+W54 -> 988 | Z54: =X54-Y54 -> -40.5 | AA54: =Punteggio!L15 -> 82.5 | AB54: 64 | AC54: =AC53+AA54 -> 937 | AD54: =AD53+AB54 -> 960.5 | AE54: =AC54-AD54 -> -23.5 | AF54: =Punteggio!N15 -> 69 | AG54: 91 | AH54: =AH53+AF54 -> 929.5 | AI54: =AI53+AG54 -> 968.5 | AJ54: =AH54-AI54 -> -39 | AK54: =Punteggio!P15 -> 65 | AL54: 79 | AM54: =AM53+AK54 -> 892 | AN54: =AN53+AL54 -> 982.5 | AO54: =AM54-AN54 -> -90.5 | AP54: =Punteggio!R15 -> 69 | AQ54: 81.5 | AR54: =AR53+AP54 -> 963.5 | AS54: =AS53+AQ54 -> 1021.5 | AT54: =AR54-AS54 -> -58 | AU54: =Punteggio!T15 -> 72.5 | AV54: 76 | AW54: =AW53+AU54 -> 951.5 | AX54: =AX53+AV54 -> 974.5 | AY54: =AW54-AX54 -> -23
... A76: 35 | B76: =Punteggio!B37 -> 80 | C76: 67.5 | D76: =D75+B76 -> 2523 | E76: =E75+C76 -> 2623 | F76: =D76-E76 -> -100 | G76: =Punteggio!D37 -> 71 | H76: 77.5 | I76: =I75+G76 -> 2613.5 | J76: =J75+H76 -> 2645 | K76: =I76-J76 -> -31.5 | L76: =Punteggio!F37 -> 61.5 | M76: 65 | N76: =N75+L76 -> 2613 | O76: =O75+M76 -> 2515.5 | P76: =N76-O76 -> 97.5 | Q76: =Punteggio!H37 -> 53.5 | R76: 70 | S76: =S75+Q76 -> 2504 | T76: =T75+R76 -> 2573 | U76: =S76-T76 -> -69 | V76: =Punteggio!J37 -> 83.5 | W76: 78.5 | X76: =X75+V76 -> 2667.5 | Y76: =Y75+W76 -> 2605 | Z76: =X76-Y76 -> 62.5 | AA76: =Punteggio!L37 -> 65.5 | AB76: 77 | AC76: =AC75+AA76 -> 2542 | AD76: =AD75+AB76 -> 2589 | AE76: =AC76-AD76 -> -47 | AF76: =Punteggio!N37 -> 72.5 | AG76: 72.5 | AH76: =AH75+AF76 -> 2584 | AI76: =AI75+AG76 -> 2564.5 | AJ76: =AH76-AI76 -> 19.5 | AK76: =Punteggio!P37 -> 78 | AL76: 79 | AM76: =AM75+AK76 -> 2577.5 | AN76: =AN75+AL76 -> 2676 | AO76: =AM76-AN76 -> -98.5 | AP76: =Punteggio!R37 -> 76 | AQ76: 75 | AR76: =AR75+AP76 -> 2548 | AS76: =AS75+AQ76 -> 2644 | AT76: =AR76-AS76 -> -96 | AU76: =Punteggio!T37 -> 74 | AV76: 73.5 | AW76: =AW75+AU76 -> 2608 | AX76: =AX75+AV76 -> 2637.5 | AY76: =AW76-AX76 -> -29.5
A77: 36
